timestamp,symbol,side,quantity,reference_price,fill_price,commission,bar_volume,bar_high,bar_low,bar_close,submitted_at,filled_at,trade_id,quote_qty,is_buyer_maker
2024-03-01T00:00:00.019000Z,BTCUSDT,sell,0.531,,61203.3,0,340.739,61275.30,61199.40,61274.40,,2024-03-01T00:00:00.019000Z,4659223533,32498.9523,true
2024-03-01T00:00:00.195000Z,BTCUSDT,sell,0.017,,61207.9,0,340.739,61275.30,61199.40,61274.40,,2024-03-01T00:00:00.195000Z,4659223607,1040.5343,true
2024-03-01T00:00:03.631000Z,BTCUSDT,buy,0.003,,61218.0,0,340.739,61275.30,61199.40,61274.40,,2024-03-01T00:00:03.631000Z,4659223681,183.654,false
2024-03-01T00:00:03.824000Z,BTCUSDT,sell,0.097,,61208.2,0,340.739,61275.30,61199.40,61274.40,,2024-03-01T00:00:03.824000Z,4659223755,5937.1954,true
2024-03-01T00:00:03.891000Z,BTCUSDT,buy,0.019,,61208.0,0,340.739,61275.30,61199.40,61274.40,,2024-03-01T00:00:03.891000Z,4659223829,1162.952,false
2024-03-01T00:00:04.300000Z,BTCUSDT,buy,0.168,,61208.0,0,340.739,61275.30,61199.40,61274.40,,2024-03-01T00:00:04.300000Z,4659223903,10282.944,false
2024-03-01T00:00:05.298000Z,BTCUSDT,sell,0.018,,61207.9,0,340.739,61275.30,61199.40,61274.40,,2024-03-01T00:00:05.298000Z,4659223977,1101.7422,true
2024-03-01T00:00:05.872000Z,BTCUSDT,buy,0.007,,61212.3,0,340.739,61275.30,61199.40,61274.40,,2024-03-01T00:00:05.872000Z,4659224051,428.4861,false
2024-03-01T00:00:07.359000Z,BTCUSDT,sell,0.003,,61212.2,0,340.739,61275.30,61199.40,61274.40,,2024-03-01T00:00:07.359000Z,4659224125,183.6366,true
2024-03-01T00:00:07.503000Z,BTCUSDT,sell,0.003,,61202.0,0,340.739,61275.30,61199.40,61274.40,,2024-03-01T00:00:07.503000Z,4659224199,183.606,true
2024-03-01T00:00:07.881000Z,BTCUSDT,buy,0.005,,61199.5,0,340.739,61275.30,61199.40,61274.40,,2024-03-01T00:00:07.881000Z,4659224273,305.9975,false
2024-03-01T00:00:08.272000Z,BTCUSDT,buy,0.005,,61211.0,0,340.739,61275.30,61199.40,61274.40,,2024-03-01T00:00:08.272000Z,4659224347,306.055,false
2024-03-01T00:00:08.384000Z,BTCUSDT,buy,0.015,,61212.4,0,340.739,61275.30,61199.40,61274.40,,2024-03-01T00:00:08.384000Z,4659224421,918.186,false
2024-03-01T00:00:09.309000Z,BTCUSDT,buy,0.002,,61218.6,0,340.739,61275.30,61199.40,61274.40,,2024-03-01T00:00:09.309000Z,4659224495,122.4372,false
2024-03-01T00:00:09.737000Z,BTCUSDT,buy,0.003,,61222.5,0,340.739,61275.30,61199.40,61274.40,,2024-03-01T00:00:09.737000Z,4659224569,183.6675,false
2024-03-01T00:00:09.857000Z,BTCUSDT,buy,0.003,,61226.0,0,340.739,61275.30,61199.40,61274.40,,2024-03-01T00:00:09.857000Z,4659224643,183.678,false
2024-03-01T00:00:10.015000Z,BTCUSDT,buy,0.209,,61229.7,0,340.739,61275.30,61199.40,61274.40,,2024-03-01T00:00:10.015000Z,4659224717,12797.0073,false
2024-03-01T00:00:10.503000Z,BTCUSDT,sell,0.008,,61230.5,0,340.739,61275.30,61199.40,61274.40,,2024-03-01T00:00:10.503000Z,4659224791,489.844,true
2024-03-01T00:00:11.707000Z,BTCUSDT,buy,0.295,,61231.1,0,340.739,61275.30,61199.40,61274.40,,2024-03-01T00:00:11.707000Z,4659224865,18063.1745,false
2024-03-01T00:00:11.895000Z,BTCUSDT,buy,0.004,,61233.5,0,340.739,61275.30,61199.40,61274.40,,2024-03-01T00:00:11.895000Z,4659224939,244.934,false
2024-03-01T00:00:12.423000Z,BTCUSDT,buy,0.016,,61235.1,0,340.739,61275.30,61199.40,61274.40,,2024-03-01T00:00:12.423000Z,4659225013,979.7616,false
2024-03-01T00:00:14.200000Z,BTCUSDT,sell,0.015,,61236.4,0,340.739,61275.30,61199.40,61274.40,,2024-03-01T00:00:14.200000Z,4659225087,918.546,true
2024-03-01T00:00:14.433000Z,BTCUSDT,sell,0.311,,61236.4,0,340.739,61275.30,61199.40,61274.40,,2024-03-01T00:00:14.433000Z,4659225161,19044.5204,true
2024-03-01T00:00:15.084000Z,BTCUSDT,buy,0.005,,61230.6,0,340.739,61275.30,61199.40,61274.40,,2024-03-01T00:00:15.084000Z,4659225235,306.153,false
2024-03-01T00:00:15.919000Z,BTCUSDT,buy,0.004,,61234.0,0,340.739,61275.30,61199.40,61274.40,,2024-03-01T00:00:15.919000Z,4659225309,244.936,false
2024-03-01T00:00:17.748000Z,BTCUSDT,buy,0.007,,61237.6,0,340.739,61275.30,61199.40,61274.40,,2024-03-01T00:00:17.748000Z,4659225383,428.6632,false
2024-03-01T00:00:18.419000Z,BTCUSDT,buy,0.004,,61239.6,0,340.739,61275.30,61199.40,61274.40,,2024-03-01T00:00:18.419000Z,4659225457,244.9584,false
2024-03-01T00:00:20.866000Z,BTCUSDT,buy,0.01,,61239.7,0,340.739,61275.30,61199.40,61274.40,,2024-03-01T00:00:20.866000Z,4659225531,612.397,false
2024-03-01T00:00:21.120000Z,BTCUSDT,buy,0.081,,61241.3,0,340.739,61275.30,61199.40,61274.40,,2024-03-01T00:00:21.120000Z,4659225605,4960.5453,false
2024-03-01T00:00:22.472000Z,BTCUSDT,sell,0.005,,61242.3,0,340.739,61275.30,61199.40,61274.40,,2024-03-01T00:00:22.472000Z,4659225679,306.2115,true
2024-03-01T00:00:23.399000Z,BTCUSDT,buy,0.006,,61242.4,0,340.739,61275.30,61199.40,61274.40,,2024-03-01T00:00:23.399000Z,4659225753,367.4544,false
2024-03-01T00:00:24.208000Z,BTCUSDT,buy,0.002,,61242.5,0,340.739,61275.30,61199.40,61274.40,,2024-03-01T00:00:24.208000Z,4659225827,122.485,false
2024-03-01T00:00:26.827000Z,BTCUSDT,buy,0.005,,61244.6,0,340.739,61275.30,61199.40,61274.40,,2024-03-01T00:00:26.827000Z,4659225901,306.223,false
2024-03-01T00:00:26.827000Z,BTCUSDT,buy,0.061,,61247.3,0,340.739,61275.30,61199.40,61274.40,,2024-03-01T00:00:26.827000Z,4659225975,3736.0853,false
2024-03-01T00:00:26.885000Z,BTCUSDT,buy,0.013,,61250.1,0,340.739,61275.30,61199.40,61274.40,,2024-03-01T00:00:26.885000Z,4659226049,796.2513,false
2024-03-01T00:00:27.682000Z,BTCUSDT,sell,0.428,,61250.5,0,340.739,61275.30,61199.40,61274.40,,2024-03-01T00:00:27.682000Z,4659226123,26215.214,true
2024-03-01T00:00:27.739000Z,BTCUSDT,sell,0.002,,61242.8,0,340.739,61275.30,61199.40,61274.40,,2024-03-01T00:00:27.739000Z,4659226197,122.4856,true
2024-03-01T00:00:28.113000Z,BTCUSDT,sell,0.278,,61231.9,0,340.739,61275.30,61199.40,61274.40,,2024-03-01T00:00:28.113000Z,4659226271,17022.4682,true
2024-03-01T00:00:28.830000Z,BTCUSDT,buy,0.003,,61236.6,0,340.739,61275.30,61199.40,61274.40,,2024-03-01T00:00:28.830000Z,4659226345,183.7098,false
2024-03-01T00:00:29.699000Z,BTCUSDT,sell,0.015,,61244.5,0,340.739,61275.30,61199.40,61274.40,,2024-03-01T00:00:29.699000Z,4659226419,918.6675,true
2024-03-01T00:00:32.140000Z,BTCUSDT,sell,0.015,,61244.5,0,340.739,61275.30,61199.40,61274.40,,2024-03-01T00:00:32.140000Z,4659226493,918.6675,true
2024-03-01T00:00:37.812000Z,BTCUSDT,sell,0.012,,61241.9,0,340.739,61275.30,61199.40,61274.40,,2024-03-01T00:00:37.812000Z,4659226567,734.9028,true
2024-03-01T00:00:37.967000Z,BTCUSDT,sell,0.002,,61237.4,0,340.739,61275.30,61199.40,61274.40,,2024-03-01T00:00:37.967000Z,4659226641,122.4748,true
2024-03-01T00:00:38.623000Z,BTCUSDT,buy,0.002,,61238.0,0,340.739,61275.30,61199.40,61274.40,,2024-03-01T00:00:38.623000Z,4659226715,122.476,false
2024-03-01T00:00:39.696000Z,BTCUSDT,buy,0.032,,61246.9,0,340.739,61275.30,61199.40,61274.40,,2024-03-01T00:00:39.696000Z,4659226789,1959.9008,false
2024-03-01T00:00:42.922000Z,BTCUSDT,buy,0.102,,61249.3,0,340.739,61275.30,61199.40,61274.40,,2024-03-01T00:00:42.922000Z,4659226863,6247.4286,false
2024-03-01T00:00:44.103000Z,BTCUSDT,buy,0.006,,61251.7,0,340.739,61275.30,61199.40,61274.40,,2024-03-01T00:00:44.103000Z,4659226937,367.5102,false
2024-03-01T00:00:45.801000Z,BTCUSDT,sell,0.005,,61252.2,0,340.739,61275.30,61199.40,61274.40,,2024-03-01T00:00:45.801000Z,4659227011,306.261,true
2024-03-01T00:00:45.904000Z,BTCUSDT,sell,0.087,,61247.7,0,340.739,61275.30,61199.40,61274.40,,2024-03-01T00:00:45.904000Z,4659227085,5328.5499,true
2024-03-01T00:00:47.593000Z,BTCUSDT,buy,0.508,,61242.0,0,340.739,61275.30,61199.40,61274.40,,2024-03-01T00:00:47.593000Z,4659227159,31110.936,false
2024-03-01T00:00:49.856000Z,BTCUSDT,buy,0.033,,61252.7,0,340.739,61275.30,61199.40,61274.40,,2024-03-01T00:00:49.856000Z,4659227233,2021.3391,false
2024-03-01T00:00:51.202000Z,BTCUSDT,buy,0.654,,61255.4,0,340.739,61275.30,61199.40,61274.40,,2024-03-01T00:00:51.202000Z,4659227307,40061.0316,false
2024-03-01T00:00:51.782000Z,BTCUSDT,buy,0.081,,61257.4,0,340.739,61275.30,61199.40,61274.40,,2024-03-01T00:00:51.782000Z,4659227381,4961.8494,false
2024-03-01T00:00:53.100000Z,BTCUSDT,buy,0.002,,61260.1,0,340.739,61275.30,61199.40,61274.40,,2024-03-01T00:00:53.100000Z,4659227455,122.5202,false
2024-03-01T00:00:55.859000Z,BTCUSDT,sell,0.204,,61261.6,0,340.739,61275.30,61199.40,61274.40,,2024-03-01T00:00:55.859000Z,4659227529,12497.3664,true
2024-03-01T00:00:58.613000Z,BTCUSDT,sell,0.081,,61262.0,0,340.739,61275.30,61199.40,61274.40,,2024-03-01T00:00:58.613000Z,4659227603,4962.222,true
2024-03-01T00:00:58.616000Z,BTCUSDT,sell,0.012,,61261.4,0,340.739,61275.30,61199.40,61274.40,,2024-03-01T00:00:58.616000Z,4659227677,735.1368,true
2024-03-01T00:00:58.616000Z,BTCUSDT,sell,0.061,,61257.6,0,340.739,61275.30,61199.40,61274.40,,2024-03-01T00:00:58.616000Z,4659227751,3736.7136,true
2024-03-01T00:00:58.623000Z,BTCUSDT,sell,0.025,,61251.9,0,340.739,61275.30,61199.40,61274.40,,2024-03-01T00:00:58.623000Z,4659227825,1531.2975,true
2024-03-01T00:00:59.130000Z,BTCUSDT,buy,0.3,,61250.1,0,340.739,61275.30,61199.40,61274.40,,2024-03-01T00:00:59.130000Z,4659227899,18375.03,false
2024-03-01T00:00:59.131000Z,BTCUSDT,buy,0.16,,61260.3,0,340.739,61275.30,61199.40,61274.40,,2024-03-01T00:00:59.131000Z,4659227973,9801.648,false
2024-03-01T00:00:59.131000Z,BTCUSDT,buy,0.081,,61264.7,0,340.739,61275.30,61199.40,61274.40,,2024-03-01T00:00:59.131000Z,4659228047,4962.4407,false
2024-03-01T00:00:59.131000Z,BTCUSDT,buy,0.199,,61268.4,0,340.739,61275.30,61199.40,61274.40,,2024-03-01T00:00:59.131000Z,4659228121,12192.4116,false
2024-03-01T00:00:59.679000Z,BTCUSDT,buy,0.002,,61265.1,0,340.739,61275.30,61199.40,61274.40,,2024-03-01T00:00:59.679000Z,4659228195,122.5302,false
2024-03-01T00:00:59.679000Z,BTCUSDT,buy,0.01,,61272.0,0,340.739,61275.30,61199.40,61274.40,,2024-03-01T00:00:59.679000Z,4659228269,612.72,false
2024-03-01T00:01:00.048000Z,BTCUSDT,buy,0.007,,61274.4,0,329.354,61300.80,61235.80,61254.60,,2024-03-01T00:01:00.048000Z,4659228343,428.9208,false
2024-03-01T00:01:00.975000Z,BTCUSDT,buy,0.009,,61270.0,0,329.354,61300.80,61235.80,61254.60,,2024-03-01T00:01:00.975000Z,4659228417,551.43,false
2024-03-01T00:01:02.595000Z,BTCUSDT,sell,0.167,,61272.8,0,329.354,61300.80,61235.80,61254.60,,2024-03-01T00:01:02.595000Z,4659228491,10232.5576,true
2024-03-01T00:01:05.761000Z,BTCUSDT,sell,0.005,,61272.8,0,329.354,61300.80,61235.80,61254.60,,2024-03-01T00:01:05.761000Z,4659228565,306.364,true
2024-03-01T00:01:09.152000Z,BTCUSDT,buy,0.005,,61272.9,0,329.354,61300.80,61235.80,61254.60,,2024-03-01T00:01:09.152000Z,4659228639,306.3645,false
2024-03-01T00:01:13.957000Z,BTCUSDT,buy,0.012,,61273.7,0,329.354,61300.80,61235.80,61254.60,,2024-03-01T00:01:13.957000Z,4659228713,735.2844,false
2024-03-01T00:01:18.585000Z,BTCUSDT,buy,0.005,,61273.7,0,329.354,61300.80,61235.80,61254.60,,2024-03-01T00:01:18.585000Z,4659228787,306.3685,false
2024-03-01T00:01:21.022000Z,BTCUSDT,buy,0.7,,61273.8,0,329.354,61300.80,61235.80,61254.60,,2024-03-01T00:01:21.022000Z,4659228861,42891.66,false
2024-03-01T00:01:23.344000Z,BTCUSDT,buy,0.1,,61276.8,0,329.354,61300.80,61235.80,61254.60,,2024-03-01T00:01:23.344000Z,4659228935,6127.68,false
2024-03-01T00:01:23.344000Z,BTCUSDT,buy,0.002,,61280.4,0,329.354,61300.80,61235.80,61254.60,,2024-03-01T00:01:23.344000Z,4659229009,122.5608,false
2024-03-01T00:01:23.344000Z,BTCUSDT,buy,0.081,,61284.6,0,329.354,61300.80,61235.80,61254.60,,2024-03-01T00:01:23.344000Z,4659229083,4964.0526,false
2024-03-01T00:01:23.344000Z,BTCUSDT,buy,0.002,,61289.3,0,329.354,61300.80,61235.80,61254.60,,2024-03-01T00:01:23.344000Z,4659229157,122.5786,false
2024-03-01T00:01:23.344000Z,BTCUSDT,buy,0.01,,61293.3,0,329.354,61300.80,61235.80,61254.60,,2024-03-01T00:01:23.344000Z,4659229231,612.933,false
2024-03-01T00:01:23.345000Z,BTCUSDT,buy,0.033,,61296.0,0,329.354,61300.80,61235.80,61254.60,,2024-03-01T00:01:23.345000Z,4659229305,2022.768,false
2024-03-01T00:01:23.345000Z,BTCUSDT,buy,0.003,,61299.0,0,329.354,61300.80,61235.80,61254.60,,2024-03-01T00:01:23.345000Z,4659229379,183.897,false
2024-03-01T00:01:23.399000Z,BTCUSDT,buy,0.033,,61284.8,0,329.354,61300.80,61235.80,61254.60,,2024-03-01T00:01:23.399000Z,4659229453,2022.3984,false
2024-03-01T00:01:25.714000Z,BTCUSDT,sell,0.059,,61296.5,0,329.354,61300.80,61235.80,61254.60,,2024-03-01T00:01:25.714000Z,4659229527,3616.4935,true
2024-03-01T00:01:25.965000Z,BTCUSDT,sell,0.115,,61294.2,0,329.354,61300.80,61235.80,61254.60,,2024-03-01T00:01:25.965000Z,4659229601,7048.833,true
2024-03-01T00:01:26.158000Z,BTCUSDT,sell,0.002,,61282.6,0,329.354,61300.80,61235.80,61254.60,,2024-03-01T00:01:26.158000Z,4659229675,122.5652,true
2024-03-01T00:01:26.502000Z,BTCUSDT,sell,0.005,,61277.0,0,329.354,61300.80,61235.80,61254.60,,2024-03-01T00:01:26.502000Z,4659229749,306.385,true
2024-03-01T00:01:26.502000Z,BTCUSDT,sell,0.06,,61272.8,0,329.354,61300.80,61235.80,61254.60,,2024-03-01T00:01:26.502000Z,4659229823,3676.368,true
2024-03-01T00:01:28.257000Z,BTCUSDT,sell,0.004,,61276.8,0,329.354,61300.80,61235.80,61254.60,,2024-03-01T00:01:28.257000Z,4659229897,245.1072,true
2024-03-01T00:01:30.138000Z,BTCUSDT,sell,0.002,,61270.0,0,329.354,61300.80,61235.80,61254.60,,2024-03-01T00:01:30.138000Z,4659229971,122.54,true
2024-03-01T00:01:30.138000Z,BTCUSDT,sell,0.653,,61261.9,0,329.354,61300.80,61235.80,61254.60,,2024-03-01T00:01:30.138000Z,4659230045,40004.0207,true
2024-03-01T00:01:30.139000Z,BTCUSDT,sell,0.015,,61256.9,0,329.354,61300.80,61235.80,61254.60,,2024-03-01T00:01:30.139000Z,4659230119,918.8535,true
2024-03-01T00:01:30.241000Z,BTCUSDT,sell,0.5,,61252.3,0,329.354,61300.80,61235.80,61254.60,,2024-03-01T00:01:30.241000Z,4659230193,30626.15,true
2024-03-01T00:01:30.917000Z,BTCUSDT,sell,0.005,,61250.2,0,329.354,61300.80,61235.80,61254.60,,2024-03-01T00:01:30.917000Z,4659230267,306.251,true
2024-03-01T00:01:32.949000Z,BTCUSDT,buy,0.003,,61250.3,0,329.354,61300.80,61235.80,61254.60,,2024-03-01T00:01:32.949000Z,4659230341,183.7509,false
2024-03-01T00:01:36.367000Z,BTCUSDT,sell,0.003,,61250.0,0,329.354,61300.80,61235.80,61254.60,,2024-03-01T00:01:36.367000Z,4659230415,183.75,true
2024-03-01T00:01:36.538000Z,BTCUSDT,sell,0.004,,61246.1,0,329.354,61300.80,61235.80,61254.60,,2024-03-01T00:01:36.538000Z,4659230489,244.9844,true
2024-03-01T00:01:36.758000Z,BTCUSDT,buy,0.589,,61238.5,0,329.354,61300.80,61235.80,61254.60,,2024-03-01T00:01:36.758000Z,4659230563,36069.4765,false
2024-03-01T00:01:36.793000Z,BTCUSDT,buy,0.3,,61238.6,0,329.354,61300.80,61235.80,61254.60,,2024-03-01T00:01:36.793000Z,4659230637,18371.58,false
2024-03-01T00:01:37.223000Z,BTCUSDT,buy,0.012,,61239.1,0,329.354,61300.80,61235.80,61254.60,,2024-03-01T00:01:37.223000Z,4659230711,734.8692,false
2024-03-01T00:01:37.983000Z,BTCUSDT,buy,0.003,,61240.5,0,329.354,61300.80,61235.80,61254.60,,2024-03-01T00:01:37.983000Z,4659230785,183.7215,false
2024-03-01T00:01:37.984000Z,BTCUSDT,buy,0.061,,61249.9,0,329.354,61300.80,61235.80,61254.60,,2024-03-01T00:01:37.984000Z,4659230859,3736.2439,false
2024-03-01T00:01:40.018000Z,BTCUSDT,sell,0.005,,61238.6,0,329.354,61300.80,61235.80,61254.60,,2024-03-01T00:01:40.018000Z,4659230933,306.193,true
2024-03-01T00:01:41.688000Z,BTCUSDT,sell,0.02,,61238.6,0,329.354,61300.80,61235.80,61254.60,,2024-03-01T00:01:41.688000Z,4659231007,1224.772,true
2024-03-01T00:01:43.293000Z,BTCUSDT,buy,0.5,,61235.8,0,329.354,61300.80,61235.80,61254.60,,2024-03-01T00:01:43.293000Z,4659231081,30617.9,false
2024-03-01T00:01:43.898000Z,BTCUSDT,sell,0.02,,61238.6,0,329.354,61300.80,61235.80,61254.60,,2024-03-01T00:01:43.898000Z,4659231155,1224.772,true
2024-03-01T00:01:44.851000Z,BTCUSDT,buy,0.002,,61244.5,0,329.354,61300.80,61235.80,61254.60,,2024-03-01T00:01:44.851000Z,4659231229,122.489,false
2024-03-01T00:01:48.421000Z,BTCUSDT,buy,0.004,,61247.8,0,329.354,61300.80,61235.80,61254.60,,2024-03-01T00:01:48.421000Z,4659231303,244.9912,false
2024-03-01T00:01:49.960000Z,BTCUSDT,buy,0.003,,61255.0,0,329.354,61300.80,61235.80,61254.60,,2024-03-01T00:01:49.960000Z,4659231377,183.765,false
2024-03-01T00:01:52.741000Z,BTCUSDT,buy,0.002,,61256.3,0,329.354,61300.80,61235.80,61254.60,,2024-03-01T00:01:52.741000Z,4659231451,122.5126,false
2024-03-01T00:01:55.621000Z,BTCUSDT,sell,0.003,,61260.5,0,329.354,61300.80,61235.80,61254.60,,2024-03-01T00:01:55.621000Z,4659231525,183.7815,true
2024-03-01T00:01:55.623000Z,BTCUSDT,sell,0.002,,61260.4,0,329.354,61300.80,61235.80,61254.60,,2024-03-01T00:01:55.623000Z,4659231599,122.5208,true
2024-03-01T00:01:57.212000Z,BTCUSDT,buy,0.002,,61257.5,0,329.354,61300.80,61235.80,61254.60,,2024-03-01T00:01:57.212000Z,4659231673,122.515,false
2024-03-01T00:01:58.764000Z,BTCUSDT,sell,0.005,,61260.4,0,329.354,61300.80,61235.80,61254.60,,2024-03-01T00:01:58.764000Z,4659231747,306.302,true
2024-03-01T00:01:59.119000Z,BTCUSDT,sell,0.005,,61257.4,0,329.354,61300.80,61235.80,61254.60,,2024-03-01T00:01:59.119000Z,4659231821,306.287,true
2024-03-01T00:02:00.419000Z,BTCUSDT,buy,0.001,,61258.0,0,140.121,61277.80,61208.30,61218.30,,2024-03-01T00:02:00.419000Z,4659231895,61.258,false
2024-03-01T00:02:03.421000Z,BTCUSDT,buy,0.032,,61261.0,0,140.121,61277.80,61208.30,61218.30,,2024-03-01T00:02:03.421000Z,4659231969,1960.352,false
2024-03-01T00:02:05.617000Z,BTCUSDT,buy,0.013,,61263.9,0,140.121,61277.80,61208.30,61218.30,,2024-03-01T00:02:05.617000Z,4659232043,796.4307,false
2024-03-01T00:02:06.537000Z,BTCUSDT,buy,0.059,,61273.9,0,140.121,61277.80,61208.30,61218.30,,2024-03-01T00:02:06.537000Z,4659232117,3615.1601,false
2024-03-01T00:02:09.406000Z,BTCUSDT,buy,0.057,,61277.8,0,140.121,61277.80,61208.30,61218.30,,2024-03-01T00:02:09.406000Z,4659232191,3492.8346,false
2024-03-01T00:02:10.077000Z,BTCUSDT,sell,0.419,,61277.7,0,140.121,61277.80,61208.30,61218.30,,2024-03-01T00:02:10.077000Z,4659232265,25675.3563,true
2024-03-01T00:02:12.140000Z,BTCUSDT,buy,0.005,,61265.8,0,140.121,61277.80,61208.30,61218.30,,2024-03-01T00:02:12.140000Z,4659232339,306.329,false
2024-03-01T00:02:15.216000Z,BTCUSDT,buy,0.2,,61269.6,0,140.121,61277.80,61208.30,61218.30,,2024-03-01T00:02:15.216000Z,4659232413,12253.92,false
2024-03-01T00:02:17.241000Z,BTCUSDT,sell,0.002,,61277.6,0,140.121,61277.80,61208.30,61218.30,,2024-03-01T00:02:17.241000Z,4659232487,122.5552,true
2024-03-01T00:02:19.127000Z,BTCUSDT,sell,0.002,,61274.8,0,140.121,61277.80,61208.30,61218.30,,2024-03-01T00:02:19.127000Z,4659232561,122.5496,true
2024-03-01T00:02:22.977000Z,BTCUSDT,sell,0.005,,61273.0,0,140.121,61277.80,61208.30,61218.30,,2024-03-01T00:02:22.977000Z,4659232635,306.365,true
2024-03-01T00:02:24.353000Z,BTCUSDT,sell,0.019,,61269.6,0,140.121,61277.80,61208.30,61218.30,,2024-03-01T00:02:24.353000Z,4659232709,1164.1224,true
2024-03-01T00:02:24.512000Z,BTCUSDT,buy,0.002,,61262.8,0,140.121,61277.80,61208.30,61218.30,,2024-03-01T00:02:24.512000Z,4659232784,122.5256,false
2024-03-01T00:02:26.582000Z,BTCUSDT,sell,0.005,,61257.4,0,140.121,61277.80,61208.30,61218.30,,2024-03-01T00:02:26.582000Z,4659232858,306.287,true
2024-03-01T00:02:27.064000Z,BTCUSDT,sell,0.012,,61247.0,0,140.121,61277.80,61208.30,61218.30,,2024-03-01T00:02:27.064000Z,4659232932,734.964,true
2024-03-01T00:02:28.171000Z,BTCUSDT,sell,0.005,,61238.6,0,140.121,61277.80,61208.30,61218.30,,2024-03-01T00:02:28.171000Z,4659233006,306.193,true
2024-03-01T00:02:29.483000Z,BTCUSDT,sell,0.002,,61232.8,0,140.121,61277.80,61208.30,61218.30,,2024-03-01T00:02:29.483000Z,4659233080,122.4656,true
2024-03-01T00:02:29.953000Z,BTCUSDT,sell,0.004,,61227.1,0,140.121,61277.80,61208.30,61218.30,,2024-03-01T00:02:29.953000Z,4659233154,244.9084,true
2024-03-01T00:02:30.777000Z,BTCUSDT,sell,0.014,,61221.6,0,140.121,61277.80,61208.30,61218.30,,2024-03-01T00:02:30.777000Z,4659233228,857.1024,true
2024-03-01T00:02:31.664000Z,BTCUSDT,sell,0.014,,61212.3,0,140.121,61277.80,61208.30,61218.30,,2024-03-01T00:02:31.664000Z,4659233302,856.9722,true
2024-03-01T00:02:32.502000Z,BTCUSDT,buy,0.079,,61214.4,0,140.121,61277.80,61208.30,61218.30,,2024-03-01T00:02:32.502000Z,4659233376,4835.9376,false
2024-03-01T00:02:33.436000Z,BTCUSDT,buy,0.055,,61224.7,0,140.121,61277.80,61208.30,61218.30,,2024-03-01T00:02:33.436000Z,4659233450,3367.3585,false
2024-03-01T00:02:34.631000Z,BTCUSDT,buy,0.017,,61237.7,0,140.121,61277.80,61208.30,61218.30,,2024-03-01T00:02:34.631000Z,4659233524,1041.0409,false
2024-03-01T00:02:35.341000Z,BTCUSDT,sell,0.003,,61235.5,0,140.121,61277.80,61208.30,61218.30,,2024-03-01T00:02:35.341000Z,4659233598,183.7065,true
2024-03-01T00:02:36.378000Z,BTCUSDT,sell,0.002,,61224.3,0,140.121,61277.80,61208.30,61218.30,,2024-03-01T00:02:36.378000Z,4659233672,122.4486,true
2024-03-01T00:02:36.562000Z,BTCUSDT,sell,0.01,,61221.3,0,140.121,61277.80,61208.30,61218.30,,2024-03-01T00:02:36.562000Z,4659233746,612.213,true
2024-03-01T00:02:37.124000Z,BTCUSDT,sell,0.01,,61210.0,0,140.121,61277.80,61208.30,61218.30,,2024-03-01T00:02:37.124000Z,4659233820,612.1,true
2024-03-01T00:02:38.999000Z,BTCUSDT,sell,0.024,,61211.3,0,140.121,61277.80,61208.30,61218.30,,2024-03-01T00:02:38.999000Z,4659233894,1469.0712,true
2024-03-01T00:02:39.707000Z,BTCUSDT,buy,0.003,,61216.5,0,140.121,61277.80,61208.30,61218.30,,2024-03-01T00:02:39.707000Z,4659233968,183.6495,false
2024-03-01T00:02:42.583000Z,BTCUSDT,sell,0.005,,61217.1,0,140.121,61277.80,61208.30,61218.30,,2024-03-01T00:02:42.583000Z,4659234042,306.0855,true
2024-03-01T00:02:43.412000Z,BTCUSDT,buy,0.009,,61226.7,0,140.121,61277.80,61208.30,61218.30,,2024-03-01T00:02:43.412000Z,4659234116,551.0403,false
2024-03-01T00:02:48.381000Z,BTCUSDT,buy,0.003,,61229.5,0,140.121,61277.80,61208.30,61218.30,,2024-03-01T00:02:48.381000Z,4659234190,183.6885,false
2024-03-01T00:02:50.190000Z,BTCUSDT,sell,0.029,,61222.2,0,140.121,61277.80,61208.30,61218.30,,2024-03-01T00:02:50.190000Z,4659234264,1775.4438,true
2024-03-01T00:02:51.612000Z,BTCUSDT,buy,0.003,,61215.4,0,140.121,61277.80,61208.30,61218.30,,2024-03-01T00:02:51.612000Z,4659234338,183.6462,false
2024-03-01T00:02:53.145000Z,BTCUSDT,buy,0.002,,61219.0,0,140.121,61277.80,61208.30,61218.30,,2024-03-01T00:02:53.145000Z,4659234412,122.438,false
2024-03-01T00:02:53.912000Z,BTCUSDT,sell,0.002,,61218.2,0,140.121,61277.80,61208.30,61218.30,,2024-03-01T00:02:53.912000Z,4659234486,122.4364,true
2024-03-01T00:03:00.439000Z,BTCUSDT,sell,0.005,,61218.2,0,153.227,61261.30,61202.80,61237.80,,2024-03-01T00:03:00.439000Z,4659234560,306.091,true
2024-03-01T00:03:04.211000Z,BTCUSDT,buy,0.005,,61218.3,0,153.227,61261.30,61202.80,61237.80,,2024-03-01T00:03:04.211000Z,4659234634,306.0915,false
2024-03-01T00:03:07.494000Z,BTCUSDT,buy,0.002,,61218.3,0,153.227,61261.30,61202.80,61237.80,,2024-03-01T00:03:07.494000Z,4659234708,122.4366,false
2024-03-01T00:03:10.479000Z,BTCUSDT,sell,0.012,,61218.2,0,153.227,61261.30,61202.80,61237.80,,2024-03-01T00:03:10.479000Z,4659234782,734.6184,true
2024-03-01T00:03:10.674000Z,BTCUSDT,sell,0.095,,61208.3,0,153.227,61261.30,61202.80,61237.80,,2024-03-01T00:03:10.674000Z,4659234856,5814.7885,true
2024-03-01T00:03:11.568000Z,BTCUSDT,sell,0.02,,61203.3,0,153.227,61261.30,61202.80,61237.80,,2024-03-01T00:03:11.568000Z,4659234930,1224.066,true
2024-03-01T00:03:13.278000Z,BTCUSDT,buy,0.04,,61203.7,0,153.227,61261.30,61202.80,61237.80,,2024-03-01T00:03:13.278000Z,4659235004,2448.148,false
2024-03-01T00:03:13.309000Z,BTCUSDT,buy,0.395,,61214.5,0,153.227,61261.30,61202.80,61237.80,,2024-03-01T00:03:13.309000Z,4659235078,24179.7275,false
2024-03-01T00:03:13.309000Z,BTCUSDT,buy,0.009,,61218.3,0,153.227,61261.30,61202.80,61237.80,,2024-03-01T00:03:13.309000Z,4659235152,550.9647,false
2024-03-01T00:03:13.333000Z,BTCUSDT,buy,0.745,,61221.5,0,153.227,61261.30,61202.80,61237.80,,2024-03-01T00:03:13.333000Z,4659235226,45610.0175,false
2024-03-01T00:03:13.361000Z,BTCUSDT,buy,0.002,,61225.2,0,153.227,61261.30,61202.80,61237.80,,2024-03-01T00:03:13.361000Z,4659235300,122.4504,false
2024-03-01T00:03:13.361000Z,BTCUSDT,buy,0.002,,61230.0,0,153.227,61261.30,61202.80,61237.80,,2024-03-01T00:03:13.361000Z,4659235374,122.46,false
2024-03-01T00:03:13.370000Z,BTCUSDT,buy,0.159,,61223.2,0,153.227,61261.30,61202.80,61237.80,,2024-03-01T00:03:13.370000Z,4659235448,9734.4888,false
2024-03-01T00:03:13.654000Z,BTCUSDT,buy,0.002,,61234.0,0,153.227,61261.30,61202.80,61237.80,,2024-03-01T00:03:13.654000Z,4659235522,122.468,false
2024-03-01T00:03:13.655000Z,BTCUSDT,buy,0.003,,61243.0,0,153.227,61261.30,61202.80,61237.80,,2024-03-01T00:03:13.655000Z,4659235596,183.729,false
2024-03-01T00:03:14.348000Z,BTCUSDT,sell,0.015,,61241.4,0,153.227,61261.30,61202.80,61237.80,,2024-03-01T00:03:14.348000Z,4659235670,918.621,true
2024-03-01T00:03:15.190000Z,BTCUSDT,sell,0.002,,61239.7,0,153.227,61261.30,61202.80,61237.80,,2024-03-01T00:03:15.190000Z,4659235744,122.4794,true
2024-03-01T00:03:17.026000Z,BTCUSDT,sell,0.002,,61228.0,0,153.227,61261.30,61202.80,61237.80,,2024-03-01T00:03:17.026000Z,4659235818,122.456,true
2024-03-01T00:03:18.337000Z,BTCUSDT,sell,0.002,,61227.6,0,153.227,61261.30,61202.80,61237.80,,2024-03-01T00:03:18.337000Z,4659235892,122.4552,true
2024-03-01T00:03:27.003000Z,BTCUSDT,buy,0.01,,61227.7,0,153.227,61261.30,61202.80,61237.80,,2024-03-01T00:03:27.003000Z,4659235966,612.277,false
2024-03-01T00:03:30.822000Z,BTCUSDT,buy,0.005,,61227.7,0,153.227,61261.30,61202.80,61237.80,,2024-03-01T00:03:30.822000Z,4659236040,306.1385,false
2024-03-01T00:03:30.843000Z,BTCUSDT,buy,0.002,,61231.3,0,153.227,61261.30,61202.80,61237.80,,2024-03-01T00:03:30.843000Z,4659236114,122.4626,false
2024-03-01T00:03:32.017000Z,BTCUSDT,buy,0.005,,61239.5,0,153.227,61261.30,61202.80,61237.80,,2024-03-01T00:03:32.017000Z,4659236188,306.1975,false
2024-03-01T00:03:34.947000Z,BTCUSDT,buy,0.005,,61245.4,0,153.227,61261.30,61202.80,61237.80,,2024-03-01T00:03:34.947000Z,4659236262,306.227,false
2024-03-01T00:03:36.983000Z,BTCUSDT,sell,0.021,,61245.3,0,153.227,61261.30,61202.80,61237.80,,2024-03-01T00:03:36.983000Z,4659236336,1286.1513,true
2024-03-01T00:03:37.026000Z,BTCUSDT,buy,0.003,,61246.4,0,153.227,61261.30,61202.80,61237.80,,2024-03-01T00:03:37.026000Z,4659236410,183.7392,false
2024-03-01T00:03:37.452000Z,BTCUSDT,buy,0.08,,61255.1,0,153.227,61261.30,61202.80,61237.80,,2024-03-01T00:03:37.452000Z,4659236484,4900.408,false
2024-03-01T00:03:38.817000Z,BTCUSDT,buy,0.005,,61256.6,0,153.227,61261.30,61202.80,61237.80,,2024-03-01T00:03:38.817000Z,4659236558,306.283,false
2024-03-01T00:03:39.879000Z,BTCUSDT,buy,0.005,,61258.3,0,153.227,61261.30,61202.80,61237.80,,2024-03-01T00:03:39.879000Z,4659236632,306.2915,false
2024-03-01T00:03:42.330000Z,BTCUSDT,buy,0.002,,61258.4,0,153.227,61261.30,61202.80,61237.80,,2024-03-01T00:03:42.330000Z,4659236706,122.5168,false
2024-03-01T00:03:44.077000Z,BTCUSDT,sell,0.002,,61261.2,0,153.227,61261.30,61202.80,61237.80,,2024-03-01T00:03:44.077000Z,4659236780,122.5224,true
2024-03-01T00:03:44.409000Z,BTCUSDT,sell,0.5,,61245.8,0,153.227,61261.30,61202.80,61237.80,,2024-03-01T00:03:44.409000Z,4659236854,30622.9,true
2024-03-01T00:03:46.647000Z,BTCUSDT,sell,0.002,,61239.2,0,153.227,61261.30,61202.80,61237.80,,2024-03-01T00:03:46.647000Z,4659236928,122.4784,true
2024-03-01T00:03:52.359000Z,BTCUSDT,sell,0.003,,61236.3,0,153.227,61261.30,61202.80,61237.80,,2024-03-01T00:03:52.359000Z,4659237002,183.7089,true
2024-03-01T00:03:53.814000Z,BTCUSDT,buy,0.002,,61236.4,0,153.227,61261.30,61202.80,61237.80,,2024-03-01T00:03:53.814000Z,4659237076,122.4728,false
2024-03-01T00:03:56.913000Z,BTCUSDT,sell,0.002,,61237.7,0,153.227,61261.30,61202.80,61237.80,,2024-03-01T00:03:56.913000Z,4659237150,122.4754,true
2024-03-01T00:04:02.453000Z,BTCUSDT,buy,0.002,,61237.8,0,76.059,61249.70,61200.00,61200.10,,2024-03-01T00:04:02.453000Z,4659237224,122.4756,false
2024-03-01T00:04:03.990000Z,BTCUSDT,buy,0.002,,61247.2,0,76.059,61249.70,61200.00,61200.10,,2024-03-01T00:04:03.990000Z,4659237298,122.4944,false
2024-03-01T00:04:04.884000Z,BTCUSDT,sell,0.002,,61244.3,0,76.059,61249.70,61200.00,61200.10,,2024-03-01T00:04:04.884000Z,4659237372,122.4886,true
2024-03-01T00:04:07.882000Z,BTCUSDT,buy,0.02,,61236.4,0,76.059,61249.70,61200.00,61200.10,,2024-03-01T00:04:07.882000Z,4659237446,1224.728,false
2024-03-01T00:04:11.592000Z,BTCUSDT,sell,0.025,,61232.0,0,76.059,61249.70,61200.00,61200.10,,2024-03-01T00:04:11.592000Z,4659237520,1530.8,true
2024-03-01T00:04:12.597000Z,BTCUSDT,sell,0.005,,61224.3,0,76.059,61249.70,61200.00,61200.10,,2024-03-01T00:04:12.597000Z,4659237594,306.1215,true
2024-03-01T00:04:13.768000Z,BTCUSDT,buy,0.005,,61222.1,0,76.059,61249.70,61200.00,61200.10,,2024-03-01T00:04:13.768000Z,4659237668,306.1105,false
2024-03-01T00:04:16.170000Z,BTCUSDT,buy,0.005,,61228.2,0,76.059,61249.70,61200.00,61200.10,,2024-03-01T00:04:16.170000Z,4659237742,306.141,false
2024-03-01T00:04:20.252000Z,BTCUSDT,buy,0.005,,61228.2,0,76.059,61249.70,61200.00,61200.10,,2024-03-01T00:04:20.252000Z,4659237816,306.141,false
2024-03-01T00:04:22.924000Z,BTCUSDT,buy,1.0,,61232.0,0,76.059,61249.70,61200.00,61200.10,,2024-03-01T00:04:22.924000Z,4659237890,61232.0,false
2024-03-01T00:04:26.771000Z,BTCUSDT,buy,0.008,,61242.0,0,76.059,61249.70,61200.00,61200.10,,2024-03-01T00:04:26.771000Z,4659237964,489.936,false
2024-03-01T00:04:27.197000Z,BTCUSDT,buy,0.157,,61246.8,0,76.059,61249.70,61200.00,61200.10,,2024-03-01T00:04:27.197000Z,4659238038,9615.7476,false
2024-03-01T00:04:28.089000Z,BTCUSDT,buy,0.74,,61247.4,0,76.059,61249.70,61200.00,61200.10,,2024-03-01T00:04:28.089000Z,4659238112,45323.076,false
2024-03-01T00:04:30.722000Z,BTCUSDT,sell,0.002,,61247.2,0,76.059,61249.70,61200.00,61200.10,,2024-03-01T00:04:30.722000Z,4659238186,122.4944,true
2024-03-01T00:04:34.696000Z,BTCUSDT,sell,0.004,,61240.0,0,76.059,61249.70,61200.00,61200.10,,2024-03-01T00:04:34.696000Z,4659238260,244.96,true
2024-03-01T00:04:38.131000Z,BTCUSDT,sell,0.437,,61240.0,0,76.059,61249.70,61200.00,61200.10,,2024-03-01T00:04:38.131000Z,4659238334,26761.88,true
2024-03-01T00:04:39.010000Z,BTCUSDT,sell,0.013,,61229.9,0,76.059,61249.70,61200.00,61200.10,,2024-03-01T00:04:39.010000Z,4659238408,795.9887,true
2024-03-01T00:04:40.969000Z,BTCUSDT,sell,0.002,,61225.0,0,76.059,61249.70,61200.00,61200.10,,2024-03-01T00:04:40.969000Z,4659238482,122.45,true
2024-03-01T00:04:42.046000Z,BTCUSDT,buy,0.007,,61221.9,0,76.059,61249.70,61200.00,61200.10,,2024-03-01T00:04:42.046000Z,4659238556,428.5533,false
2024-03-01T00:04:44.486000Z,BTCUSDT,sell,0.01,,61218.0,0,76.059,61249.70,61200.00,61200.10,,2024-03-01T00:04:44.486000Z,4659238630,612.18,true
2024-03-01T00:04:46.828000Z,BTCUSDT,sell,0.035,,61210.6,0,76.059,61249.70,61200.00,61200.10,,2024-03-01T00:04:46.828000Z,4659238704,2142.371,true
2024-03-01T00:04:53.616000Z,BTCUSDT,sell,0.009,,61210.6,0,76.059,61249.70,61200.00,61200.10,,2024-03-01T00:04:53.616000Z,4659238778,550.8954,true
2024-03-01T00:04:56.526000Z,BTCUSDT,sell,0.598,,61206.0,0,76.059,61249.70,61200.00,61200.10,,2024-03-01T00:04:56.526000Z,4659238852,36601.188,true
2024-03-01T00:04:57.301000Z,BTCUSDT,sell,0.005,,61202.0,0,76.059,61249.70,61200.00,61200.10,,2024-03-01T00:04:57.301000Z,4659238926,306.01,true
2024-03-01T00:04:59.144000Z,BTCUSDT,sell,0.005,,61200.3,0,76.059,61249.70,61200.00,61200.10,,2024-03-01T00:04:59.144000Z,4659239000,306.0015,true
2024-03-01T00:05:01.316000Z,BTCUSDT,sell,0.002,,61200.0,0,132.551,61310.90,61200.00,61305.20,,2024-03-01T00:05:01.316000Z,4659239074,122.4,true
2024-03-01T00:05:01.461000Z,BTCUSDT,buy,0.015,,61202.1,0,132.551,61310.90,61200.00,61305.20,,2024-03-01T00:05:01.461000Z,4659239148,918.0315,false
2024-03-01T00:05:01.647000Z,BTCUSDT,buy,0.017,,61210.7,0,132.551,61310.90,61200.00,61305.20,,2024-03-01T00:05:01.647000Z,4659239222,1040.5819,false
2024-03-01T00:05:02.461000Z,BTCUSDT,buy,0.004,,61215.6,0,132.551,61310.90,61200.00,61305.20,,2024-03-01T00:05:02.461000Z,4659239296,244.8624,false
2024-03-01T00:05:03.553000Z,BTCUSDT,buy,0.005,,61217.0,0,132.551,61310.90,61200.00,61305.20,,2024-03-01T00:05:03.553000Z,4659239370,306.085,false
2024-03-01T00:05:05.739000Z,BTCUSDT,sell,0.005,,61217.8,0,132.551,61310.90,61200.00,61305.20,,2024-03-01T00:05:05.739000Z,4659239444,306.089,true
2024-03-01T00:05:08Z,BTCUSDT,buy,0.005,,61215.6,0,132.551,61310.90,61200.00,61305.20,,2024-03-01T00:05:08Z,4659239518,306.078,false
2024-03-01T00:05:08.062000Z,BTCUSDT,buy,0.001,,61222.9,0,132.551,61310.90,61200.00,61305.20,,2024-03-01T00:05:08.062000Z,4659239592,61.2229,false
2024-03-01T00:05:11.470000Z,BTCUSDT,buy,0.062,,61229.4,0,132.551,61310.90,61200.00,61305.20,,2024-03-01T00:05:11.470000Z,4659239666,3796.2228,false
2024-03-01T00:05:16.235000Z,BTCUSDT,buy,0.083,,61229.4,0,132.551,61310.90,61200.00,61305.20,,2024-03-01T00:05:16.235000Z,4659239740,5082.0402,false
2024-03-01T00:05:16.457000Z,BTCUSDT,buy,0.025,,61233.9,0,132.551,61310.90,61200.00,61305.20,,2024-03-01T00:05:16.457000Z,4659239814,1530.8475,false
2024-03-01T00:05:17.096000Z,BTCUSDT,buy,0.002,,61240.1,0,132.551,61310.90,61200.00,61305.20,,2024-03-01T00:05:17.096000Z,4659239888,122.4802,false
2024-03-01T00:05:19.293000Z,BTCUSDT,buy,0.001,,61246.8,0,132.551,61310.90,61200.00,61305.20,,2024-03-01T00:05:19.293000Z,4659239962,61.2468,false
2024-03-01T00:05:20.584000Z,BTCUSDT,buy,0.025,,61255.6,0,132.551,61310.90,61200.00,61305.20,,2024-03-01T00:05:20.584000Z,4659240036,1531.39,false
2024-03-01T00:05:21.182000Z,BTCUSDT,buy,0.002,,61265.7,0,132.551,61310.90,61200.00,61305.20,,2024-03-01T00:05:21.182000Z,4659240110,122.5314,false
2024-03-01T00:05:21.966000Z,BTCUSDT,buy,0.156,,61265.8,0,132.551,61310.90,61200.00,61305.20,,2024-03-01T00:05:21.966000Z,4659240184,9557.4648,false
2024-03-01T00:05:23.956000Z,BTCUSDT,sell,0.411,,61272.4,0,132.551,61310.90,61200.00,61305.20,,2024-03-01T00:05:23.956000Z,4659240258,25182.9564,true
2024-03-01T00:05:28.470000Z,BTCUSDT,buy,0.005,,61273.6,0,132.551,61310.90,61200.00,61305.20,,2024-03-01T00:05:28.470000Z,4659240332,306.368,false
2024-03-01T00:05:30.843000Z,BTCUSDT,buy,0.057,,61283.0,0,132.551,61310.90,61200.00,61305.20,,2024-03-01T00:05:30.843000Z,4659240406,3493.131,false
2024-03-01T00:05:33.029000Z,BTCUSDT,buy,0.002,,61287.6,0,132.551,61310.90,61200.00,61305.20,,2024-03-01T00:05:33.029000Z,4659240480,122.5752,false
2024-03-01T00:05:35.958000Z,BTCUSDT,buy,0.002,,61294.3,0,132.551,61310.90,61200.00,61305.20,,2024-03-01T00:05:35.958000Z,4659240554,122.5886,false
2024-03-01T00:05:37.972000Z,BTCUSDT,buy,0.01,,61299.0,0,132.551,61310.90,61200.00,61305.20,,2024-03-01T00:05:37.972000Z,4659240628,612.99,false
2024-03-01T00:05:41.245000Z,BTCUSDT,sell,0.01,,61299.9,0,132.551,61310.90,61200.00,61305.20,,2024-03-01T00:05:41.245000Z,4659240702,612.999,true
2024-03-01T00:05:46.599000Z,BTCUSDT,buy,0.008,,61300.0,0,132.551,61310.90,61200.00,61305.20,,2024-03-01T00:05:46.599000Z,4659240776,490.4,false
2024-03-01T00:05:47.894000Z,BTCUSDT,sell,0.002,,61303.0,0,132.551,61310.90,61200.00,61305.20,,2024-03-01T00:05:47.894000Z,4659240850,122.606,true
2024-03-01T00:05:49.572000Z,BTCUSDT,buy,0.005,,61303.1,0,132.551,61310.90,61200.00,61305.20,,2024-03-01T00:05:49.572000Z,4659240924,306.5155,false
2024-03-01T00:05:49.738000Z,BTCUSDT,sell,0.007,,61300.8,0,132.551,61310.90,61200.00,61305.20,,2024-03-01T00:05:49.738000Z,4659240998,429.1056,true
2024-03-01T00:05:49.881000Z,BTCUSDT,sell,0.06,,61292.0,0,132.551,61310.90,61200.00,61305.20,,2024-03-01T00:05:49.881000Z,4659241072,3677.52,true
2024-03-01T00:05:51.194000Z,BTCUSDT,sell,0.011,,61290.0,0,132.551,61310.90,61200.00,61305.20,,2024-03-01T00:05:51.194000Z,4659241146,674.19,true
2024-03-01T00:05:51.293000Z,BTCUSDT,sell,0.008,,61283.0,0,132.551,61310.90,61200.00,61305.20,,2024-03-01T00:05:51.293000Z,4659241220,490.264,true
2024-03-01T00:05:51.937000Z,BTCUSDT,buy,0.397,,61282.9,0,132.551,61310.90,61200.00,61305.20,,2024-03-01T00:05:51.937000Z,4659241294,24329.3113,false
2024-03-01T00:05:53.400000Z,BTCUSDT,buy,0.004,,61287.1,0,132.551,61310.90,61200.00,61305.20,,2024-03-01T00:05:53.400000Z,4659241368,245.1484,false
2024-03-01T00:05:55.926000Z,BTCUSDT,buy,0.152,,61296.5,0,132.551,61310.90,61200.00,61305.20,,2024-03-01T00:05:55.926000Z,4659241442,9317.068,false
2024-03-01T00:05:56.866000Z,BTCUSDT,buy,0.004,,61303.1,0,132.551,61310.90,61200.00,61305.20,,2024-03-01T00:05:56.866000Z,4659241516,245.2124,false
2024-03-01T00:05:56.866000Z,BTCUSDT,buy,0.01,,61308.0,0,132.551,61310.90,61200.00,61305.20,,2024-03-01T00:05:56.866000Z,4659241590,613.08,false
2024-03-01T00:05:58.420000Z,BTCUSDT,sell,0.084,,61308.9,0,132.551,61310.90,61200.00,61305.20,,2024-03-01T00:05:58.420000Z,4659241664,5149.9476,true
2024-03-01T00:05:59.028000Z,BTCUSDT,buy,0.012,,61305.3,0,132.551,61310.90,61200.00,61305.20,,2024-03-01T00:05:59.028000Z,4659241738,735.6636,false
2024-03-01T00:06:00.656000Z,BTCUSDT,sell,0.002,,61305.2,0,107.496,61334.80,61300.20,61334.70,,2024-03-01T00:06:00.656000Z,4659241812,122.6104,true
2024-03-01T00:06:02.050000Z,BTCUSDT,sell,0.04,,61300.2,0,107.496,61334.80,61300.20,61334.70,,2024-03-01T00:06:02.050000Z,4659241886,2452.008,true
2024-03-01T00:06:02.848000Z,BTCUSDT,sell,0.005,,61300.2,0,107.496,61334.80,61300.20,61334.70,,2024-03-01T00:06:02.848000Z,4659241960,306.501,true
2024-03-01T00:06:04.102000Z,BTCUSDT,buy,0.025,,61307.7,0,107.496,61334.80,61300.20,61334.70,,2024-03-01T00:06:04.102000Z,4659242034,1532.6925,false
2024-03-01T00:06:05.391000Z,BTCUSDT,buy,0.002,,61312.5,0,107.496,61334.80,61300.20,61334.70,,2024-03-01T00:06:05.391000Z,4659242108,122.625,false
2024-03-01T00:06:06.674000Z,BTCUSDT,sell,0.028,,61315.0,0,107.496,61334.80,61300.20,61334.70,,2024-03-01T00:06:06.674000Z,4659242182,1716.82,true
2024-03-01T00:06:09.181000Z,BTCUSDT,buy,0.008,,61313.4,0,107.496,61334.80,61300.20,61334.70,,2024-03-01T00:06:09.181000Z,4659242256,490.5072,false
2024-03-01T00:06:12.576000Z,BTCUSDT,buy,0.005,,61317.9,0,107.496,61334.80,61300.20,61334.70,,2024-03-01T00:06:12.576000Z,4659242330,306.5895,false
2024-03-01T00:06:13.315000Z,BTCUSDT,buy,0.005,,61317.9,0,107.496,61334.80,61300.20,61334.70,,2024-03-01T00:06:13.315000Z,4659242404,306.5895,false
2024-03-01T00:06:18.188000Z,BTCUSDT,sell,0.003,,61317.8,0,107.496,61334.80,61300.20,61334.70,,2024-03-01T00:06:18.188000Z,4659242478,183.9534,true
2024-03-01T00:06:18.976000Z,BTCUSDT,buy,0.032,,61317.9,0,107.496,61334.80,61300.20,61334.70,,2024-03-01T00:06:18.976000Z,4659242552,1962.1728,false
2024-03-01T00:06:20.253000Z,BTCUSDT,sell,0.005,,61317.9,0,107.496,61334.80,61300.20,61334.70,,2024-03-01T00:06:20.253000Z,4659242626,306.5895,true
2024-03-01T00:06:22.816000Z,BTCUSDT,buy,0.005,,61316.9,0,107.496,61334.80,61300.20,61334.70,,2024-03-01T00:06:22.816000Z,4659242700,306.5845,false
2024-03-01T00:06:26.660000Z,BTCUSDT,buy,0.003,,61317.0,0,107.496,61334.80,61300.20,61334.70,,2024-03-01T00:06:26.660000Z,4659242774,183.951,false
2024-03-01T00:06:31.106000Z,BTCUSDT,buy,0.008,,61318.2,0,107.496,61334.80,61300.20,61334.70,,2024-03-01T00:06:31.106000Z,4659242848,490.5456,false
2024-03-01T00:06:32.205000Z,BTCUSDT,buy,0.002,,61320.3,0,107.496,61334.80,61300.20,61334.70,,2024-03-01T00:06:32.205000Z,4659242922,122.6406,false
2024-03-01T00:06:32.291000Z,BTCUSDT,buy,0.026,,61327.0,0,107.496,61334.80,61300.20,61334.70,,2024-03-01T00:06:32.291000Z,4659242996,1594.502,false
2024-03-01T00:06:33.235000Z,BTCUSDT,buy,0.013,,61331.6,0,107.496,61334.80,61300.20,61334.70,,2024-03-01T00:06:33.235000Z,4659243070,797.3108,false
2024-03-01T00:06:34.019000Z,BTCUSDT,buy,0.019,,61331.6,0,107.496,61334.80,61300.20,61334.70,,2024-03-01T00:06:34.019000Z,4659243144,1165.3004,false
2024-03-01T00:06:35.602000Z,BTCUSDT,sell,0.005,,61325.9,0,107.496,61334.80,61300.20,61334.70,,2024-03-01T00:06:35.602000Z,4659243218,306.6295,true
2024-03-01T00:06:37.865000Z,BTCUSDT,buy,0.073,,61325.0,0,107.496,61334.80,61300.20,61334.70,,2024-03-01T00:06:37.865000Z,4659243292,4476.725,false
2024-03-01T00:06:38.078000Z,BTCUSDT,buy,0.039,,61329.5,0,107.496,61334.80,61300.20,61334.70,,2024-03-01T00:06:38.078000Z,4659243366,2391.8505,false
2024-03-01T00:06:41.495000Z,BTCUSDT,buy,0.005,,61332.2,0,107.496,61334.80,61300.20,61334.70,,2024-03-01T00:06:41.495000Z,4659243440,306.661,false
2024-03-01T00:06:42.171000Z,BTCUSDT,sell,0.046,,61331.1,0,107.496,61334.80,61300.20,61334.70,,2024-03-01T00:06:42.171000Z,4659243514,2821.2306,true
2024-03-01T00:06:42.577000Z,BTCUSDT,sell,0.005,,61320.0,0,107.496,61334.80,61300.20,61334.70,,2024-03-01T00:06:42.577000Z,4659243588,306.6,true
2024-03-01T00:06:47.693000Z,BTCUSDT,buy,0.002,,61319.4,0,107.496,61334.80,61300.20,61334.70,,2024-03-01T00:06:47.693000Z,4659243662,122.6388,false
2024-03-01T00:06:49.453000Z,BTCUSDT,buy,0.002,,61321.4,0,107.496,61334.80,61300.20,61334.70,,2024-03-01T00:06:49.453000Z,4659243736,122.6428,false
2024-03-01T00:06:50.296000Z,BTCUSDT,sell,0.008,,61324.3,0,107.496,61334.80,61300.20,61334.70,,2024-03-01T00:06:50.296000Z,4659243810,490.5944,true
2024-03-01T00:06:54.088000Z,BTCUSDT,sell,0.003,,61329.9,0,107.496,61334.80,61300.20,61334.70,,2024-03-01T00:06:54.088000Z,4659243884,183.9897,true
2024-03-01T00:06:57.086000Z,BTCUSDT,buy,0.002,,61334.2,0,107.496,61334.80,61300.20,61334.70,,2024-03-01T00:06:57.086000Z,4659243958,122.6684,false
2024-03-01T00:07:01.691000Z,BTCUSDT,buy,0.002,,61334.8,0,151.885,61397.50,61334.70,61386.90,,2024-03-01T00:07:01.691000Z,4659244032,122.6696,false
2024-03-01T00:07:02.466000Z,BTCUSDT,buy,0.002,,61339.1,0,151.885,61397.50,61334.70,61386.90,,2024-03-01T00:07:02.466000Z,4659244106,122.6782,false
2024-03-01T00:07:02.467000Z,BTCUSDT,buy,0.002,,61345.2,0,151.885,61397.50,61334.70,61386.90,,2024-03-01T00:07:02.467000Z,4659244180,122.6904,false
2024-03-01T00:07:05.468000Z,BTCUSDT,buy,0.002,,61347.8,0,151.885,61397.50,61334.70,61386.90,,2024-03-01T00:07:05.468000Z,4659244254,122.6956,false
2024-03-01T00:07:10.582000Z,BTCUSDT,buy,0.017,,61349.0,0,151.885,61397.50,61334.70,61386.90,,2024-03-01T00:07:10.582000Z,4659244328,1042.933,false
2024-03-01T00:07:10.812000Z,BTCUSDT,buy,0.056,,61350.8,0,151.885,61397.50,61334.70,61386.90,,2024-03-01T00:07:10.812000Z,4659244402,3435.6448,false
2024-03-01T00:07:10.976000Z,BTCUSDT,buy,0.002,,61358.8,0,151.885,61397.50,61334.70,61386.90,,2024-03-01T00:07:10.976000Z,4659244476,122.7176,false
2024-03-01T00:07:12.863000Z,BTCUSDT,buy,0.294,,61361.9,0,151.885,61397.50,61334.70,61386.90,,2024-03-01T00:07:12.863000Z,4659244550,18040.3986,false
2024-03-01T00:07:13.026000Z,BTCUSDT,buy,0.01,,61370.0,0,151.885,61397.50,61334.70,61386.90,,2024-03-01T00:07:13.026000Z,4659244624,613.7,false
2024-03-01T00:07:14.361000Z,BTCUSDT,buy,0.051,,61374.7,0,151.885,61397.50,61334.70,61386.90,,2024-03-01T00:07:14.361000Z,4659244698,3130.1097,false
2024-03-01T00:07:15.147000Z,BTCUSDT,buy,0.01,,61380.0,0,151.885,61397.50,61334.70,61386.90,,2024-03-01T00:07:15.147000Z,4659244772,613.8,false
2024-03-01T00:07:15.909000Z,BTCUSDT,buy,0.01,,61384.0,0,151.885,61397.50,61334.70,61386.90,,2024-03-01T00:07:15.909000Z,4659244846,613.84,false
2024-03-01T00:07:17.011000Z,BTCUSDT,buy,0.079,,61387.6,0,151.885,61397.50,61334.70,61386.90,,2024-03-01T00:07:17.011000Z,4659244920,4849.6204,false
2024-03-01T00:07:17.125000Z,BTCUSDT,buy,0.036,,61393.2,0,151.885,61397.50,61334.70,61386.90,,2024-03-01T00:07:17.125000Z,4659244994,2210.1552,false
2024-03-01T00:07:18.348000Z,BTCUSDT,buy,0.042,,61395.9,0,151.885,61397.50,61334.70,61386.90,,2024-03-01T00:07:18.348000Z,4659245068,2578.6278,false
2024-03-01T00:07:19.535000Z,BTCUSDT,sell,0.005,,61397.4,0,151.885,61397.50,61334.70,61386.90,,2024-03-01T00:07:19.535000Z,4659245142,306.987,true
2024-03-01T00:07:19.711000Z,BTCUSDT,sell,0.041,,61396.4,0,151.885,61397.50,61334.70,61386.90,,2024-03-01T00:07:19.711000Z,4659245216,2517.2524,true
2024-03-01T00:07:20.602000Z,BTCUSDT,sell,0.034,,61387.7,0,151.885,61397.50,61334.70,61386.90,,2024-03-01T00:07:20.602000Z,4659245290,2087.1818,true
2024-03-01T00:07:20.796000Z,BTCUSDT,sell,0.038,,61381.2,0,151.885,61397.50,61334.70,61386.90,,2024-03-01T00:07:20.796000Z,4659245364,2332.4856,true
2024-03-01T00:07:21.414000Z,BTCUSDT,sell,0.003,,61375.9,0,151.885,61397.50,61334.70,61386.90,,2024-03-01T00:07:21.414000Z,4659245438,184.1277,true
2024-03-01T00:07:21.562000Z,BTCUSDT,buy,0.005,,61372.4,0,151.885,61397.50,61334.70,61386.90,,2024-03-01T00:07:21.562000Z,4659245512,306.862,false
2024-03-01T00:07:21.568000Z,BTCUSDT,buy,0.002,,61380.0,0,151.885,61397.50,61334.70,61386.90,,2024-03-01T00:07:21.568000Z,4659245586,122.76,false
2024-03-01T00:07:22.142000Z,BTCUSDT,buy,0.002,,61393.9,0,151.885,61397.50,61334.70,61386.90,,2024-03-01T00:07:22.142000Z,4659245660,122.7878,false
2024-03-01T00:07:23.873000Z,BTCUSDT,buy,0.024,,61396.3,0,151.885,61397.50,61334.70,61386.90,,2024-03-01T00:07:23.873000Z,4659245734,1473.5112,false
2024-03-01T00:07:25.831000Z,BTCUSDT,sell,0.497,,61392.5,0,151.885,61397.50,61334.70,61386.90,,2024-03-01T00:07:25.831000Z,4659245808,30512.0725,true
2024-03-01T00:07:28.343000Z,BTCUSDT,buy,0.005,,61389.6,0,151.885,61397.50,61334.70,61386.90,,2024-03-01T00:07:28.343000Z,4659245882,306.948,false
2024-03-01T00:07:30.394000Z,BTCUSDT,sell,0.005,,61389.5,0,151.885,61397.50,61334.70,61386.90,,2024-03-01T00:07:30.394000Z,4659245956,306.9475,true
2024-03-01T00:07:31.387000Z,BTCUSDT,buy,0.027,,61386.5,0,151.885,61397.50,61334.70,61386.90,,2024-03-01T00:07:31.387000Z,4659246030,1657.4355,false
2024-03-01T00:07:35.367000Z,BTCUSDT,buy,0.029,,61389.4,0,151.885,61397.50,61334.70,61386.90,,2024-03-01T00:07:35.367000Z,4659246104,1780.2926,false
2024-03-01T00:07:39.959000Z,BTCUSDT,sell,0.014,,61389.5,0,151.885,61397.50,61334.70,61386.90,,2024-03-01T00:07:39.959000Z,4659246178,859.453,true
2024-03-01T00:07:40.957000Z,BTCUSDT,sell,0.003,,61386.4,0,151.885,61397.50,61334.70,61386.90,,2024-03-01T00:07:40.957000Z,4659246252,184.1592,true
2024-03-01T00:07:42.053000Z,BTCUSDT,buy,0.006,,61382.2,0,151.885,61397.50,61334.70,61386.90,,2024-03-01T00:07:42.053000Z,4659246326,368.2932,false
2024-03-01T00:07:45.471000Z,BTCUSDT,buy,0.3,,61387.9,0,151.885,61397.50,61334.70,61386.90,,2024-03-01T00:07:45.471000Z,4659246400,18416.37,false
2024-03-01T00:07:49.018000Z,BTCUSDT,sell,0.023,,61389.4,0,151.885,61397.50,61334.70,61386.90,,2024-03-01T00:07:49.018000Z,4659246474,1411.9562,true
2024-03-01T00:07:56.101000Z,BTCUSDT,sell,0.005,,61389.4,0,151.885,61397.50,61334.70,61386.90,,2024-03-01T00:07:56.101000Z,4659246548,306.947,true
2024-03-01T00:07:58.311000Z,BTCUSDT,sell,0.004,,61386.9,0,151.885,61397.50,61334.70,61386.90,,2024-03-01T00:07:58.311000Z,4659246622,245.5476,true
2024-03-01T00:08:00.946000Z,BTCUSDT,sell,0.003,,61382.0,0,90.483,61404.60,61369.10,61388.70,,2024-03-01T00:08:00.946000Z,4659246696,184.146,true
2024-03-01T00:08:01.021000Z,BTCUSDT,sell,0.013,,61371.6,0,90.483,61404.60,61369.10,61388.70,,2024-03-01T00:08:01.021000Z,4659246770,797.8308,true
2024-03-01T00:08:02.763000Z,BTCUSDT,sell,0.003,,61369.1,0,90.483,61404.60,61369.10,61388.70,,2024-03-01T00:08:02.763000Z,4659246844,184.1073,true
2024-03-01T00:08:03.956000Z,BTCUSDT,buy,0.002,,61377.6,0,90.483,61404.60,61369.10,61388.70,,2024-03-01T00:08:03.956000Z,4659246918,122.7552,false
2024-03-01T00:08:08.029000Z,BTCUSDT,sell,0.002,,61382.7,0,90.483,61404.60,61369.10,61388.70,,2024-03-01T00:08:08.029000Z,4659246992,122.7654,true
2024-03-01T00:08:13.440000Z,BTCUSDT,sell,0.005,,61383.3,0,90.483,61404.60,61369.10,61388.70,,2024-03-01T00:08:13.440000Z,4659247066,306.9165,true
2024-03-01T00:08:22.683000Z,BTCUSDT,sell,0.003,,61383.3,0,90.483,61404.60,61369.10,61388.70,,2024-03-01T00:08:22.683000Z,4659247140,184.1499,true
2024-03-01T00:08:31.643000Z,BTCUSDT,buy,0.058,,61383.4,0,90.483,61404.60,61369.10,61388.70,,2024-03-01T00:08:31.643000Z,4659247214,3560.2372,false
2024-03-01T00:08:31.648000Z,BTCUSDT,buy,0.004,,61389.5,0,90.483,61404.60,61369.10,61388.70,,2024-03-01T00:08:31.648000Z,4659247288,245.558,false
2024-03-01T00:08:31.684000Z,BTCUSDT,buy,0.16,,61394.7,0,90.483,61404.60,61369.10,61388.70,,2024-03-01T00:08:31.684000Z,4659247362,9823.152,false
2024-03-01T00:08:31.919000Z,BTCUSDT,buy,0.007,,61400.0,0,90.483,61404.60,61369.10,61388.70,,2024-03-01T00:08:31.919000Z,4659247436,429.8,false
2024-03-01T00:08:32.878000Z,BTCUSDT,buy,0.003,,61400.0,0,90.483,61404.60,61369.10,61388.70,,2024-03-01T00:08:32.878000Z,4659247510,184.2,false
2024-03-01T00:08:34.026000Z,BTCUSDT,buy,0.002,,61402.7,0,90.483,61404.60,61369.10,61388.70,,2024-03-01T00:08:34.026000Z,4659247584,122.8054,false
2024-03-01T00:08:35.132000Z,BTCUSDT,sell,0.002,,61399.9,0,90.483,61404.60,61369.10,61388.70,,2024-03-01T00:08:35.132000Z,4659247658,122.7998,true
2024-03-01T00:08:35.886000Z,BTCUSDT,sell,0.003,,61386.5,0,90.483,61404.60,61369.10,61388.70,,2024-03-01T00:08:35.886000Z,4659247732,184.1595,true
2024-03-01T00:08:40.037000Z,BTCUSDT,buy,0.003,,61383.4,0,90.483,61404.60,61369.10,61388.70,,2024-03-01T00:08:40.037000Z,4659247806,184.1502,false
2024-03-01T00:08:44.674000Z,BTCUSDT,sell,0.002,,61381.9,0,90.483,61404.60,61369.10,61388.70,,2024-03-01T00:08:44.674000Z,4659247880,122.7638,true
2024-03-01T00:08:44.864000Z,BTCUSDT,sell,0.089,,61373.7,0,90.483,61404.60,61369.10,61388.70,,2024-03-01T00:08:44.864000Z,4659247954,5462.2593,true
2024-03-01T00:08:48.049000Z,BTCUSDT,buy,0.005,,61374.9,0,90.483,61404.60,61369.10,61388.70,,2024-03-01T00:08:48.049000Z,4659248028,306.8745,false
2024-03-01T00:08:56.374000Z,BTCUSDT,buy,0.003,,61378.1,0,90.483,61404.60,61369.10,61388.70,,2024-03-01T00:08:56.374000Z,4659248102,184.1343,false
2024-03-01T00:08:56.497000Z,BTCUSDT,buy,0.238,,61387.4,0,90.483,61404.60,61369.10,61388.70,,2024-03-01T00:08:56.497000Z,4659248176,14610.2012,false
2024-03-01T00:09:00.542000Z,BTCUSDT,buy,0.1,,61383.4,0,77.876,61400.00,61362.80,61367.60,,2024-03-01T00:09:00.542000Z,4659248250,6138.34,false
2024-03-01T00:09:07.931000Z,BTCUSDT,sell,0.032,,61388.7,0,77.876,61400.00,61362.80,61367.60,,2024-03-01T00:09:07.931000Z,4659248324,1964.4384,true
2024-03-01T00:09:08.951000Z,BTCUSDT,buy,0.005,,61399.9,0,77.876,61400.00,61362.80,61367.60,,2024-03-01T00:09:08.951000Z,4659248398,306.9995,false
2024-03-01T00:09:14.327000Z,BTCUSDT,buy,0.3,,61400.0,0,77.876,61400.00,61362.80,61367.60,,2024-03-01T00:09:14.327000Z,4659248472,18420.0,false
2024-03-01T00:09:18.362000Z,BTCUSDT,sell,0.025,,61399.9,0,77.876,61400.00,61362.80,61367.60,,2024-03-01T00:09:18.362000Z,4659248546,1534.9975,true
2024-03-01T00:09:18.664000Z,BTCUSDT,sell,0.002,,61394.7,0,77.876,61400.00,61362.80,61367.60,,2024-03-01T00:09:18.664000Z,4659248620,122.7894,true
2024-03-01T00:09:18.977000Z,BTCUSDT,sell,0.003,,61390.1,0,77.876,61400.00,61362.80,61367.60,,2024-03-01T00:09:18.977000Z,4659248694,184.1703,true
2024-03-01T00:09:21.631000Z,BTCUSDT,buy,0.002,,61392.6,0,77.876,61400.00,61362.80,61367.60,,2024-03-01T00:09:21.631000Z,4659248768,122.7852,false
2024-03-01T00:09:25.144000Z,BTCUSDT,buy,0.158,,61397.4,0,77.876,61400.00,61362.80,61367.60,,2024-03-01T00:09:25.144000Z,4659248842,9700.7892,false
2024-03-01T00:09:31.474000Z,BTCUSDT,buy,0.001,,61397.4,0,77.876,61400.00,61362.80,61367.60,,2024-03-01T00:09:31.474000Z,4659248916,61.3974,false
2024-03-01T00:09:35.631000Z,BTCUSDT,buy,0.1,,61397.4,0,77.876,61400.00,61362.80,61367.60,,2024-03-01T00:09:35.631000Z,4659248990,6139.74,false
2024-03-01T00:09:36.442000Z,BTCUSDT,sell,0.022,,61397.2,0,77.876,61400.00,61362.80,61367.60,,2024-03-01T00:09:36.442000Z,4659249064,1350.7384,true
2024-03-01T00:09:41.503000Z,BTCUSDT,sell,0.041,,61396.9,0,77.876,61400.00,61362.80,61367.60,,2024-03-01T00:09:41.503000Z,4659249138,2517.2729,true
2024-03-01T00:09:44.955000Z,BTCUSDT,sell,0.005,,61391.2,0,77.876,61400.00,61362.80,61367.60,,2024-03-01T00:09:44.955000Z,4659249212,306.956,true
2024-03-01T00:09:45.320000Z,BTCUSDT,sell,0.002,,61384.0,0,77.876,61400.00,61362.80,61367.60,,2024-03-01T00:09:45.320000Z,4659249286,122.768,true
2024-03-01T00:09:47.871000Z,BTCUSDT,sell,0.005,,61380.0,0,77.876,61400.00,61362.80,61367.60,,2024-03-01T00:09:47.871000Z,4659249360,306.9,true
2024-03-01T00:09:48.120000Z,BTCUSDT,sell,0.014,,61377.1,0,77.876,61400.00,61362.80,61367.60,,2024-03-01T00:09:48.120000Z,4659249434,859.2794,true
2024-03-01T00:09:48.665000Z,BTCUSDT,sell,0.002,,61374.3,0,77.876,61400.00,61362.80,61367.60,,2024-03-01T00:09:48.665000Z,4659249508,122.7486,true
2024-03-01T00:09:50.652000Z,BTCUSDT,sell,0.003,,61373.0,0,77.876,61400.00,61362.80,61367.60,,2024-03-01T00:09:50.652000Z,4659249582,184.119,true
2024-03-01T00:09:51.206000Z,BTCUSDT,sell,0.002,,61365.8,0,77.876,61400.00,61362.80,61367.60,,2024-03-01T00:09:51.206000Z,4659249656,122.7316,true
2024-03-01T00:09:52.901000Z,BTCUSDT,buy,0.005,,61362.9,0,77.876,61400.00,61362.80,61367.60,,2024-03-01T00:09:52.901000Z,4659249730,306.8145,false
2024-03-01T00:09:55.756000Z,BTCUSDT,sell,0.024,,61362.8,0,77.876,61400.00,61362.80,61367.60,,2024-03-01T00:09:55.756000Z,4659249804,1472.7072,true
2024-03-01T00:10:00.020000Z,BTCUSDT,sell,0.343,,61367.5,0,176.418,61413.70,61353.30,61389.20,,2024-03-01T00:10:00.020000Z,4659249878,21049.0525,true
2024-03-01T00:10:02.088000Z,BTCUSDT,buy,0.005,,61379.1,0,176.418,61413.70,61353.30,61389.20,,2024-03-01T00:10:02.088000Z,4659249952,306.8955,false
2024-03-01T00:10:03.859000Z,BTCUSDT,sell,0.056,,61367.5,0,176.418,61413.70,61353.30,61389.20,,2024-03-01T00:10:03.859000Z,4659250026,3436.58,true
2024-03-01T00:10:06.949000Z,BTCUSDT,buy,0.002,,61362.9,0,176.418,61413.70,61353.30,61389.20,,2024-03-01T00:10:06.949000Z,4659250100,122.7258,false
2024-03-01T00:10:10.211000Z,BTCUSDT,buy,0.005,,61365.0,0,176.418,61413.70,61353.30,61389.20,,2024-03-01T00:10:10.211000Z,4659250174,306.825,false
2024-03-01T00:10:11.221000Z,BTCUSDT,buy,0.002,,61374.2,0,176.418,61413.70,61353.30,61389.20,,2024-03-01T00:10:11.221000Z,4659250248,122.7484,false
2024-03-01T00:10:12.051000Z,BTCUSDT,sell,0.008,,61383.5,0,176.418,61413.70,61353.30,61389.20,,2024-03-01T00:10:12.051000Z,4659250322,491.068,true
2024-03-01T00:10:12.893000Z,BTCUSDT,sell,0.003,,61379.8,0,176.418,61413.70,61353.30,61389.20,,2024-03-01T00:10:12.893000Z,4659250396,184.1394,true
2024-03-01T00:10:12.893000Z,BTCUSDT,sell,0.465,,61372.4,0,176.418,61413.70,61353.30,61389.20,,2024-03-01T00:10:12.893000Z,4659250470,28538.166,true
2024-03-01T00:10:12.893000Z,BTCUSDT,sell,0.038,,61367.6,0,176.418,61413.70,61353.30,61389.20,,2024-03-01T00:10:12.893000Z,4659250544,2331.9688,true
2024-03-01T00:10:14.608000Z,BTCUSDT,sell,0.005,,61372.7,0,176.418,61413.70,61353.30,61389.20,,2024-03-01T00:10:14.608000Z,4659250618,306.8635,true
2024-03-01T00:10:14.608000Z,BTCUSDT,sell,0.022,,61365.6,0,176.418,61413.70,61353.30,61389.20,,2024-03-01T00:10:14.608000Z,4659250692,1350.0432,true
2024-03-01T00:10:14.609000Z,BTCUSDT,sell,0.01,,61361.0,0,176.418,61413.70,61353.30,61389.20,,2024-03-01T00:10:14.609000Z,4659250766,613.61,true
2024-03-01T00:10:14.609000Z,BTCUSDT,sell,0.352,,61357.4,0,176.418,61413.70,61353.30,61389.20,,2024-03-01T00:10:14.609000Z,4659250840,21597.8048,true
2024-03-01T00:10:14.609000Z,BTCUSDT,sell,0.5,,61353.8,0,176.418,61413.70,61353.30,61389.20,,2024-03-01T00:10:14.609000Z,4659250914,30676.9,true
2024-03-01T00:10:15.429000Z,BTCUSDT,buy,0.005,,61363.1,0,176.418,61413.70,61353.30,61389.20,,2024-03-01T00:10:15.429000Z,4659250988,306.8155,false
2024-03-01T00:10:18.105000Z,BTCUSDT,buy,0.005,,61367.6,0,176.418,61413.70,61353.30,61389.20,,2024-03-01T00:10:18.105000Z,4659251062,306.838,false
2024-03-01T00:10:18.686000Z,BTCUSDT,sell,0.004,,61373.4,0,176.418,61413.70,61353.30,61389.20,,2024-03-01T00:10:18.686000Z,4659251136,245.4936,true
2024-03-01T00:10:23.359000Z,BTCUSDT,buy,0.004,,61367.7,0,176.418,61413.70,61353.30,61389.20,,2024-03-01T00:10:23.359000Z,4659251210,245.4708,false
2024-03-01T00:10:25.451000Z,BTCUSDT,buy,0.005,,61373.5,0,176.418,61413.70,61353.30,61389.20,,2024-03-01T00:10:25.451000Z,4659251285,306.8675,false
2024-03-01T00:10:25.602000Z,BTCUSDT,sell,0.044,,61377.5,0,176.418,61413.70,61353.30,61389.20,,2024-03-01T00:10:25.602000Z,4659251359,2700.61,true
2024-03-01T00:10:26.149000Z,BTCUSDT,sell,0.003,,61373.8,0,176.418,61413.70,61353.30,61389.20,,2024-03-01T00:10:26.149000Z,4659251433,184.1214,true
2024-03-01T00:10:27.353000Z,BTCUSDT,buy,0.003,,61374.5,0,176.418,61413.70,61353.30,61389.20,,2024-03-01T00:10:27.353000Z,4659251507,184.1235,false
2024-03-01T00:10:32.086000Z,BTCUSDT,buy,0.003,,61378.1,0,176.418,61413.70,61353.30,61389.20,,2024-03-01T00:10:32.086000Z,4659251581,184.1343,false
2024-03-01T00:10:34.606000Z,BTCUSDT,buy,0.32,,61384.5,0,176.418,61413.70,61353.30,61389.20,,2024-03-01T00:10:34.606000Z,4659251655,19643.04,false
2024-03-01T00:10:36.449000Z,BTCUSDT,buy,0.011,,61395.3,0,176.418,61413.70,61353.30,61389.20,,2024-03-01T00:10:36.449000Z,4659251729,675.3483,false
2024-03-01T00:10:40.759000Z,BTCUSDT,buy,0.002,,61400.0,0,176.418,61413.70,61353.30,61389.20,,2024-03-01T00:10:40.759000Z,4659251803,122.8,false
2024-03-01T00:10:40.950000Z,BTCUSDT,buy,0.003,,61405.6,0,176.418,61413.70,61353.30,61389.20,,2024-03-01T00:10:40.950000Z,4659251877,184.2168,false
2024-03-01T00:10:42.737000Z,BTCUSDT,buy,0.005,,61410.0,0,176.418,61413.70,61353.30,61389.20,,2024-03-01T00:10:42.737000Z,4659251951,307.05,false
2024-03-01T00:10:45.575000Z,BTCUSDT,buy,0.611,,61410.3,0,176.418,61413.70,61353.30,61389.20,,2024-03-01T00:10:45.575000Z,4659252025,37521.6933,false
2024-03-01T00:10:47.888000Z,BTCUSDT,buy,0.006,,61412.0,0,176.418,61413.70,61353.30,61389.20,,2024-03-01T00:10:47.888000Z,4659252099,368.472,false
2024-03-01T00:10:48.867000Z,BTCUSDT,sell,0.005,,61413.6,0,176.418,61413.70,61353.30,61389.20,,2024-03-01T00:10:48.867000Z,4659252173,307.068,true
2024-03-01T00:10:48.867000Z,BTCUSDT,sell,0.24,,61410.3,0,176.418,61413.70,61353.30,61389.20,,2024-03-01T00:10:48.867000Z,4659252247,14738.472,true
2024-03-01T00:10:49.199000Z,BTCUSDT,sell,0.002,,61400.7,0,176.418,61413.70,61353.30,61389.20,,2024-03-01T00:10:49.199000Z,4659252321,122.8014,true
2024-03-01T00:10:50.080000Z,BTCUSDT,sell,0.002,,61395.4,0,176.418,61413.70,61353.30,61389.20,,2024-03-01T00:10:50.080000Z,4659252395,122.7908,true
2024-03-01T00:10:51.948000Z,BTCUSDT,sell,0.005,,61392.1,0,176.418,61413.70,61353.30,61389.20,,2024-03-01T00:10:51.948000Z,4659252469,306.9605,true
2024-03-01T00:10:53.779000Z,BTCUSDT,buy,0.028,,61388.9,0,176.418,61413.70,61353.30,61389.20,,2024-03-01T00:10:53.779000Z,4659252543,1718.8892,false
2024-03-01T00:10:54.479000Z,BTCUSDT,sell,0.039,,61394.6,0,176.418,61413.70,61353.30,61389.20,,2024-03-01T00:10:54.479000Z,4659252617,2394.3894,true
2024-03-01T00:10:57.406000Z,BTCUSDT,sell,0.008,,61397.4,0,176.418,61413.70,61353.30,61389.20,,2024-03-01T00:10:57.406000Z,4659252691,491.1792,true
2024-03-01T00:10:59.524000Z,BTCUSDT,sell,0.005,,61397.4,0,176.418,61413.70,61353.30,61389.20,,2024-03-01T00:10:59.524000Z,4659252765,306.987,true
2024-03-01T00:10:59.929000Z,BTCUSDT,sell,0.001,,61391.6,0,176.418,61413.70,61353.30,61389.20,,2024-03-01T00:10:59.929000Z,4659252839,61.3916,true
2024-03-01T00:11:02.111000Z,BTCUSDT,buy,0.003,,61390.6,0,86.749,61412.10,61366.00,61377.20,,2024-03-01T00:11:02.111000Z,4659252913,184.1718,false
2024-03-01T00:11:05.926000Z,BTCUSDT,sell,0.005,,61396.8,0,86.749,61412.10,61366.00,61377.20,,2024-03-01T00:11:05.926000Z,4659252987,306.984,true
2024-03-01T00:11:07.235000Z,BTCUSDT,buy,0.011,,61396.9,0,86.749,61412.10,61366.00,61377.20,,2024-03-01T00:11:07.235000Z,4659253061,675.3659,false
2024-03-01T00:11:08.097000Z,BTCUSDT,buy,0.022,,61409.5,0,86.749,61412.10,61366.00,61377.20,,2024-03-01T00:11:08.097000Z,4659253135,1351.009,false
2024-03-01T00:11:10.727000Z,BTCUSDT,sell,0.003,,61410.8,0,86.749,61412.10,61366.00,61377.20,,2024-03-01T00:11:10.727000Z,4659253209,184.2324,true
2024-03-01T00:11:10.802000Z,BTCUSDT,sell,0.002,,61399.7,0,86.749,61412.10,61366.00,61377.20,,2024-03-01T00:11:10.802000Z,4659253283,122.7994,true
2024-03-01T00:11:13.210000Z,BTCUSDT,sell,0.005,,61397.1,0,86.749,61412.10,61366.00,61377.20,,2024-03-01T00:11:13.210000Z,4659253357,306.9855,true
2024-03-01T00:11:14.607000Z,BTCUSDT,buy,0.003,,61400.3,0,86.749,61412.10,61366.00,61377.20,,2024-03-01T00:11:14.607000Z,4659253431,184.2009,false
2024-03-01T00:11:15.836000Z,BTCUSDT,sell,0.471,,61400.9,0,86.749,61412.10,61366.00,61377.20,,2024-03-01T00:11:15.836000Z,4659253505,28919.8239,true
2024-03-01T00:11:18.608000Z,BTCUSDT,sell,0.006,,61400.9,0,86.749,61412.10,61366.00,61377.20,,2024-03-01T00:11:18.608000Z,4659253579,368.4054,true
2024-03-01T00:11:21.164000Z,BTCUSDT,sell,0.005,,61400.9,0,86.749,61412.10,61366.00,61377.20,,2024-03-01T00:11:21.164000Z,4659253653,307.0045,true
2024-03-01T00:11:22.004000Z,BTCUSDT,sell,0.005,,61397.4,0,86.749,61412.10,61366.00,61377.20,,2024-03-01T00:11:22.004000Z,4659253727,306.987,true
2024-03-01T00:11:22.365000Z,BTCUSDT,buy,0.006,,61397.2,0,86.749,61412.10,61366.00,61377.20,,2024-03-01T00:11:22.365000Z,4659253801,368.3832,false
2024-03-01T00:11:22.383000Z,BTCUSDT,buy,0.002,,61397.2,0,86.749,61412.10,61366.00,61377.20,,2024-03-01T00:11:22.383000Z,4659253875,122.7944,false
2024-03-01T00:11:22.480000Z,BTCUSDT,buy,0.004,,61397.2,0,86.749,61412.10,61366.00,61377.20,,2024-03-01T00:11:22.480000Z,4659253949,245.5888,false
2024-03-01T00:11:25.342000Z,BTCUSDT,sell,0.005,,61397.1,0,86.749,61412.10,61366.00,61377.20,,2024-03-01T00:11:25.342000Z,4659254023,306.9855,true
2024-03-01T00:11:30.841000Z,BTCUSDT,buy,0.003,,61397.2,0,86.749,61412.10,61366.00,61377.20,,2024-03-01T00:11:30.841000Z,4659254097,184.1916,false
2024-03-01T00:11:31.838000Z,BTCUSDT,buy,0.002,,61397.2,0,86.749,61412.10,61366.00,61377.20,,2024-03-01T00:11:31.838000Z,4659254171,122.7944,false
2024-03-01T00:11:33.885000Z,BTCUSDT,buy,0.003,,61401.3,0,86.749,61412.10,61366.00,61377.20,,2024-03-01T00:11:33.885000Z,4659254245,184.2039,false
2024-03-01T00:11:37.767000Z,BTCUSDT,sell,0.006,,61403.1,0,86.749,61412.10,61366.00,61377.20,,2024-03-01T00:11:37.767000Z,4659254319,368.4186,true
2024-03-01T00:11:42.073000Z,BTCUSDT,sell,0.199,,61396.8,0,86.749,61412.10,61366.00,61377.20,,2024-03-01T00:11:42.073000Z,4659254393,12217.9632,true
2024-03-01T00:11:42.110000Z,BTCUSDT,sell,0.06,,61389.1,0,86.749,61412.10,61366.00,61377.20,,2024-03-01T00:11:42.110000Z,4659254467,3683.346,true
2024-03-01T00:11:42.110000Z,BTCUSDT,sell,0.156,,61381.6,0,86.749,61412.10,61366.00,61377.20,,2024-03-01T00:11:42.110000Z,4659254541,9575.5296,true
2024-03-01T00:11:42.296000Z,BTCUSDT,sell,0.002,,61379.8,0,86.749,61412.10,61366.00,61377.20,,2024-03-01T00:11:42.296000Z,4659254615,122.7596,true
2024-03-01T00:11:43.023000Z,BTCUSDT,sell,0.002,,61374.0,0,86.749,61412.10,61366.00,61377.20,,2024-03-01T00:11:43.023000Z,4659254689,122.748,true
2024-03-01T00:11:43.023000Z,BTCUSDT,sell,0.156,,61367.0,0,86.749,61412.10,61366.00,61377.20,,2024-03-01T00:11:43.023000Z,4659254763,9573.252,true
2024-03-01T00:11:45.831000Z,BTCUSDT,buy,0.005,,61372.2,0,86.749,61412.10,61366.00,61377.20,,2024-03-01T00:11:45.831000Z,4659254837,306.861,false
2024-03-01T00:11:46.943000Z,BTCUSDT,buy,0.02,,61372.4,0,86.749,61412.10,61366.00,61377.20,,2024-03-01T00:11:46.943000Z,4659254911,1227.448,false
2024-03-01T00:11:50.292000Z,BTCUSDT,buy,0.002,,61375.7,0,86.749,61412.10,61366.00,61377.20,,2024-03-01T00:11:50.292000Z,4659254985,122.7514,false
2024-03-01T00:11:57.737000Z,BTCUSDT,buy,0.012,,61377.2,0,86.749,61412.10,61366.00,61377.20,,2024-03-01T00:11:57.737000Z,4659255059,736.5264,false
2024-03-01T00:12:00.203000Z,BTCUSDT,sell,0.005,,61377.1,0,79.542,61377.20,61324.10,61336.50,,2024-03-01T00:12:00.203000Z,4659255133,306.8855,true
2024-03-01T00:12:02.225000Z,BTCUSDT,sell,0.005,,61366.4,0,79.542,61377.20,61324.10,61336.50,,2024-03-01T00:12:02.225000Z,4659255207,306.832,true
2024-03-01T00:12:04.160000Z,BTCUSDT,sell,0.016,,61363.6,0,79.542,61377.20,61324.10,61336.50,,2024-03-01T00:12:04.160000Z,4659255281,981.8176,true
2024-03-01T00:12:05.302000Z,BTCUSDT,sell,0.033,,61356.6,0,79.542,61377.20,61324.10,61336.50,,2024-03-01T00:12:05.302000Z,4659255355,2024.7678,true
2024-03-01T00:12:05.348000Z,BTCUSDT,sell,0.789,,61349.4,0,79.542,61377.20,61324.10,61336.50,,2024-03-01T00:12:05.348000Z,4659255429,48404.6766,true
2024-03-01T00:12:05.349000Z,BTCUSDT,sell,0.032,,61343.1,0,79.542,61377.20,61324.10,61336.50,,2024-03-01T00:12:05.349000Z,4659255503,1962.9792,true
2024-03-01T00:12:06.702000Z,BTCUSDT,sell,0.005,,61344.0,0,79.542,61377.20,61324.10,61336.50,,2024-03-01T00:12:06.702000Z,4659255577,306.72,true
2024-03-01T00:12:07.039000Z,BTCUSDT,sell,0.002,,61349.1,0,79.542,61377.20,61324.10,61336.50,,2024-03-01T00:12:07.039000Z,4659255651,122.6982,true
2024-03-01T00:12:14.244000Z,BTCUSDT,sell,0.002,,61349.1,0,79.542,61377.20,61324.10,61336.50,,2024-03-01T00:12:14.244000Z,4659255725,122.6982,true
2024-03-01T00:12:18.210000Z,BTCUSDT,sell,0.007,,61349.1,0,79.542,61377.20,61324.10,61336.50,,2024-03-01T00:12:18.210000Z,4659255799,429.4437,true
2024-03-01T00:12:21.306000Z,BTCUSDT,sell,0.001,,61349.0,0,79.542,61377.20,61324.10,61336.50,,2024-03-01T00:12:21.306000Z,4659255873,61.349,true
2024-03-01T00:12:22.010000Z,BTCUSDT,sell,0.002,,61343.9,0,79.542,61377.20,61324.10,61336.50,,2024-03-01T00:12:22.010000Z,4659255947,122.6878,true
2024-03-01T00:12:25.510000Z,BTCUSDT,sell,0.003,,61340.9,0,79.542,61377.20,61324.10,61336.50,,2024-03-01T00:12:25.510000Z,4659256021,184.0227,true
2024-03-01T00:12:27.203000Z,BTCUSDT,sell,0.005,,61340.9,0,79.542,61377.20,61324.10,61336.50,,2024-03-01T00:12:27.203000Z,4659256095,306.7045,true
2024-03-01T00:12:33.033000Z,BTCUSDT,sell,0.005,,61340.9,0,79.542,61377.20,61324.10,61336.50,,2024-03-01T00:12:33.033000Z,4659256169,306.7045,true
2024-03-01T00:12:34.012000Z,BTCUSDT,sell,0.017,,61338.5,0,79.542,61377.20,61324.10,61336.50,,2024-03-01T00:12:34.012000Z,4659256243,1042.7545,true
2024-03-01T00:12:34.059000Z,BTCUSDT,sell,0.002,,61332.0,0,79.542,61377.20,61324.10,61336.50,,2024-03-01T00:12:34.059000Z,4659256317,122.664,true
2024-03-01T00:12:34.460000Z,BTCUSDT,sell,0.005,,61326.9,0,79.542,61377.20,61324.10,61336.50,,2024-03-01T00:12:34.460000Z,4659256391,306.6345,true
2024-03-01T00:12:34.696000Z,BTCUSDT,buy,0.078,,61331.7,0,79.542,61377.20,61324.10,61336.50,,2024-03-01T00:12:34.696000Z,4659256465,4783.8726,false
2024-03-01T00:12:36.495000Z,BTCUSDT,sell,0.003,,61340.1,0,79.542,61377.20,61324.10,61336.50,,2024-03-01T00:12:36.495000Z,4659256539,184.0203,true
2024-03-01T00:12:39.161000Z,BTCUSDT,sell,0.3,,61328.9,0,79.542,61377.20,61324.10,61336.50,,2024-03-01T00:12:39.161000Z,4659256613,18398.67,true
2024-03-01T00:12:40.150000Z,BTCUSDT,sell,0.016,,61326.7,0,79.542,61377.20,61324.10,61336.50,,2024-03-01T00:12:40.150000Z,4659256687,981.2272,true
2024-03-01T00:12:42.798000Z,BTCUSDT,sell,0.001,,61324.1,0,79.542,61377.20,61324.10,61336.50,,2024-03-01T00:12:42.798000Z,4659256761,61.3241,true
2024-03-01T00:12:47.660000Z,BTCUSDT,buy,0.003,,61324.2,0,79.542,61377.20,61324.10,61336.50,,2024-03-01T00:12:47.660000Z,4659256835,183.9726,false
2024-03-01T00:12:47.882000Z,BTCUSDT,sell,0.002,,61326.7,0,79.542,61377.20,61324.10,61336.50,,2024-03-01T00:12:47.882000Z,4659256909,122.6534,true
2024-03-01T00:12:47.904000Z,BTCUSDT,sell,0.003,,61326.7,0,79.542,61377.20,61324.10,61336.50,,2024-03-01T00:12:47.904000Z,4659256983,183.9801,true
2024-03-01T00:12:47.959000Z,BTCUSDT,sell,0.002,,61326.7,0,79.542,61377.20,61324.10,61336.50,,2024-03-01T00:12:47.959000Z,4659257057,122.6534,true
2024-03-01T00:12:47.980000Z,BTCUSDT,sell,0.013,,61326.7,0,79.542,61377.20,61324.10,61336.50,,2024-03-01T00:12:47.980000Z,4659257131,797.2471,true
2024-03-01T00:12:50.099000Z,BTCUSDT,buy,0.001,,61326.8,0,79.542,61377.20,61324.10,61336.50,,2024-03-01T00:12:50.099000Z,4659257205,61.3268,false
2024-03-01T00:12:51.085000Z,BTCUSDT,buy,0.049,,61336.6,0,79.542,61377.20,61324.10,61336.50,,2024-03-01T00:12:51.085000Z,4659257279,3005.4934,false
2024-03-01T00:13:01.689000Z,BTCUSDT,sell,0.02,,61336.5,0,44.963,61336.50,61320.00,61320.00,,2024-03-01T00:13:01.689000Z,4659257353,1226.73,true
2024-03-01T00:13:02.934000Z,BTCUSDT,sell,0.002,,61329.5,0,44.963,61336.50,61320.00,61320.00,,2024-03-01T00:13:02.934000Z,4659257427,122.659,true
2024-03-01T00:13:05.152000Z,BTCUSDT,buy,0.002,,61325.2,0,44.963,61336.50,61320.00,61320.00,,2024-03-01T00:13:05.152000Z,4659257501,122.6504,false
2024-03-01T00:13:09.009000Z,BTCUSDT,sell,0.003,,61324.3,0,44.963,61336.50,61320.00,61320.00,,2024-03-01T00:13:09.009000Z,4659257575,183.9729,true
2024-03-01T00:13:14.132000Z,BTCUSDT,sell,0.016,,61323.3,0,44.963,61336.50,61320.00,61320.00,,2024-03-01T00:13:14.132000Z,4659257649,981.1728,true
2024-03-01T00:13:17.701000Z,BTCUSDT,sell,0.003,,61322.5,0,44.963,61336.50,61320.00,61320.00,,2024-03-01T00:13:17.701000Z,4659257723,183.9675,true
2024-03-01T00:13:19.880000Z,BTCUSDT,sell,0.005,,61320.1,0,44.963,61336.50,61320.00,61320.00,,2024-03-01T00:13:19.880000Z,4659257797,306.6005,true
2024-03-01T00:13:21.845000Z,BTCUSDT,buy,0.024,,61323.4,0,44.963,61336.50,61320.00,61320.00,,2024-03-01T00:13:21.845000Z,4659257871,1471.7616,false
2024-03-01T00:13:33.025000Z,BTCUSDT,sell,0.003,,61323.6,0,44.963,61336.50,61320.00,61320.00,,2024-03-01T00:13:33.025000Z,4659257945,183.9708,true
2024-03-01T00:13:38.651000Z,BTCUSDT,buy,0.002,,61323.7,0,44.963,61336.50,61320.00,61320.00,,2024-03-01T00:13:38.651000Z,4659258019,122.6474,false
2024-03-01T00:13:44.872000Z,BTCUSDT,buy,0.004,,61328.2,0,44.963,61336.50,61320.00,61320.00,,2024-03-01T00:13:44.872000Z,4659258093,245.3128,false
2024-03-01T00:13:50.438000Z,BTCUSDT,sell,0.024,,61328.1,0,44.963,61336.50,61320.00,61320.00,,2024-03-01T00:13:50.438000Z,4659258167,1471.8744,true
2024-03-01T00:13:54.969000Z,BTCUSDT,sell,0.002,,61328.1,0,44.963,61336.50,61320.00,61320.00,,2024-03-01T00:13:54.969000Z,4659258241,122.6562,true
2024-03-01T00:13:57.806000Z,BTCUSDT,sell,0.003,,61327.2,0,44.963,61336.50,61320.00,61320.00,,2024-03-01T00:13:57.806000Z,4659258315,183.9816,true
2024-03-01T00:13:58.803000Z,BTCUSDT,sell,0.035,,61325.2,0,44.963,61336.50,61320.00,61320.00,,2024-03-01T00:13:58.803000Z,4659258389,2146.382,true
2024-03-01T00:14:00.083000Z,BTCUSDT,buy,0.012,,61320.1,0,89.680,61334.60,61282.50,61288.50,,2024-03-01T00:14:00.083000Z,4659258463,735.8412,false
2024-03-01T00:14:07.608000Z,BTCUSDT,sell,0.002,,61323.3,0,89.680,61334.60,61282.50,61288.50,,2024-03-01T00:14:07.608000Z,4659258537,122.6466,true
2024-03-01T00:14:09.514000Z,BTCUSDT,buy,0.3,,61330.0,0,89.680,61334.60,61282.50,61288.50,,2024-03-01T00:14:09.514000Z,4659258611,18399.0,false
2024-03-01T00:14:11.873000Z,BTCUSDT,sell,0.003,,61334.5,0,89.680,61334.60,61282.50,61288.50,,2024-03-01T00:14:11.873000Z,4659258685,184.0035,true
2024-03-01T00:14:17.316000Z,BTCUSDT,sell,0.005,,61332.9,0,89.680,61334.60,61282.50,61288.50,,2024-03-01T00:14:17.316000Z,4659258759,306.6645,true
2024-03-01T00:14:19.432000Z,BTCUSDT,sell,0.003,,61328.0,0,89.680,61334.60,61282.50,61288.50,,2024-03-01T00:14:19.432000Z,4659258833,183.984,true
2024-03-01T00:14:23.592000Z,BTCUSDT,sell,0.005,,61328.0,0,89.680,61334.60,61282.50,61288.50,,2024-03-01T00:14:23.592000Z,4659258907,306.64,true
2024-03-01T00:14:26.776000Z,BTCUSDT,buy,0.027,,61328.1,0,89.680,61334.60,61282.50,61288.50,,2024-03-01T00:14:26.776000Z,4659258981,1655.8587,false
2024-03-01T00:14:33.085000Z,BTCUSDT,sell,0.112,,61328.0,0,89.680,61334.60,61282.50,61288.50,,2024-03-01T00:14:33.085000Z,4659259055,6868.736,true
2024-03-01T00:14:35.429000Z,BTCUSDT,sell,0.028,,61320.1,0,89.680,61334.60,61282.50,61288.50,,2024-03-01T00:14:35.429000Z,4659259129,1716.9628,true
2024-03-01T00:14:35.559000Z,BTCUSDT,sell,0.161,,61316.8,0,89.680,61334.60,61282.50,61288.50,,2024-03-01T00:14:35.559000Z,4659259203,9872.0048,true
2024-03-01T00:14:35.582000Z,BTCUSDT,sell,0.027,,61311.8,0,89.680,61334.60,61282.50,61288.50,,2024-03-01T00:14:35.582000Z,4659259277,1655.4186,true
2024-03-01T00:14:35.992000Z,BTCUSDT,sell,0.061,,61306.8,0,89.680,61334.60,61282.50,61288.50,,2024-03-01T00:14:35.992000Z,4659259351,3739.7148,true
2024-03-01T00:14:41.333000Z,BTCUSDT,buy,0.002,,61303.9,0,89.680,61334.60,61282.50,61288.50,,2024-03-01T00:14:41.333000Z,4659259425,122.6078,false
2024-03-01T00:14:43.504000Z,BTCUSDT,buy,0.011,,61303.8,0,89.680,61334.60,61282.50,61288.50,,2024-03-01T00:14:43.504000Z,4659259499,674.3418,false
2024-03-01T00:14:44.211000Z,BTCUSDT,sell,0.002,,61300.0,0,89.680,61334.60,61282.50,61288.50,,2024-03-01T00:14:44.211000Z,4659259573,122.6,true
2024-03-01T00:14:44.933000Z,BTCUSDT,sell,0.003,,61298.1,0,89.680,61334.60,61282.50,61288.50,,2024-03-01T00:14:44.933000Z,4659259647,183.8943,true
2024-03-01T00:14:45.029000Z,BTCUSDT,sell,0.005,,61291.9,0,89.680,61334.60,61282.50,61288.50,,2024-03-01T00:14:45.029000Z,4659259721,306.4595,true
2024-03-01T00:14:48.425000Z,BTCUSDT,buy,0.002,,61290.0,0,89.680,61334.60,61282.50,61288.50,,2024-03-01T00:14:48.425000Z,4659259795,122.58,false
2024-03-01T00:14:49.775000Z,BTCUSDT,buy,0.021,,61293.4,0,89.680,61334.60,61282.50,61288.50,,2024-03-01T00:14:49.775000Z,4659259869,1287.1614,false
2024-03-01T00:14:50.983000Z,BTCUSDT,sell,0.002,,61297.9,0,89.680,61334.60,61282.50,61288.50,,2024-03-01T00:14:50.983000Z,4659259943,122.5958,true
2024-03-01T00:14:53.433000Z,BTCUSDT,buy,0.009,,61298.0,0,89.680,61334.60,61282.50,61288.50,,2024-03-01T00:14:53.433000Z,4659260017,551.682,false
2024-03-01T00:14:56.178000Z,BTCUSDT,buy,0.01,,61298.0,0,89.680,61334.60,61282.50,61288.50,,2024-03-01T00:14:56.178000Z,4659260091,612.98,false
2024-03-01T00:14:56.482000Z,BTCUSDT,sell,0.01,,61296.0,0,89.680,61334.60,61282.50,61288.50,,2024-03-01T00:14:56.482000Z,4659260165,612.96,true
2024-03-01T00:14:56.482000Z,BTCUSDT,sell,0.007,,61288.1,0,89.680,61334.60,61282.50,61288.50,,2024-03-01T00:14:56.482000Z,4659260239,429.0167,true
2024-03-01T00:14:56.731000Z,BTCUSDT,sell,0.002,,61287.3,0,89.680,61334.60,61282.50,61288.50,,2024-03-01T00:14:56.731000Z,4659260313,122.5746,true
2024-03-01T00:14:56.916000Z,BTCUSDT,sell,0.027,,61282.8,0,89.680,61334.60,61282.50,61288.50,,2024-03-01T00:14:56.916000Z,4659260387,1654.6356,true
2024-03-01T00:14:59.998000Z,BTCUSDT,sell,0.338,,61288.5,0,89.680,61334.60,61282.50,61288.50,,2024-03-01T00:14:59.998000Z,4659260461,20715.513,true
