agent,kind,risk,dose,outcome,paired_n,mean_delta,ci_low,ci_high,permutation_p_value,q_value,cohens_d
deepseek:deepseek-v4-pro,fake_rejections,max-position,0.25,hold_ratio,5,0.06944444444444445,0.008333333333333337,0.18055555555555552,0.125,0.8571428571428571,0.5572782125753529
deepseek:deepseek-v4-pro,fake_rejections,max-position,0.75,hold_ratio,5,0.10555555555555558,0.025000000000000015,0.23055555555555554,0.125,0.8571428571428571,0.7626740469646217
deepseek:deepseek-v4-pro,fake_rejections,none,0.25,hold_ratio,5,0.005555555555555531,-0.02500000000000004,0.04722222222222219,1.0,1.0,0.1189928234617454
deepseek:deepseek-v4-pro,fake_rejections,none,0.75,hold_ratio,5,0.05277777777777778,0.024999999999999994,0.08055555555555556,0.125,0.8571428571428571,1.3694249432972496
deepseek:deepseek-v4-pro,fake_violations,max-position,0.25,hold_ratio,5,0.05833333333333335,0.03888888888888888,0.08055555555555556,0.0625,0.8571428571428571,2.1834760286221524
deepseek:deepseek-v4-pro,fake_violations,max-position,0.75,hold_ratio,5,0.09722222222222221,-0.025,0.2777777777777778,0.4375,1.0,0.4818998735750599
deepseek:deepseek-v4-pro,fake_violations,none,0.25,hold_ratio,5,0.055555555555555566,0.01944444444444446,0.09166666666666667,0.125,0.8571428571428571,1.1795356492391775
deepseek:deepseek-v4-pro,fake_violations,none,0.75,hold_ratio,5,0.15277777777777776,0.01944444444444442,0.30000000000000004,0.125,0.8571428571428571,0.8524826841213411
glm:glm-5,fake_rejections,max-position,0.25,hold_ratio,5,0.01111111111111111,0.0,0.027777777777777783,0.5,1.0,0.6135719910778961
glm:glm-5,fake_rejections,max-position,0.75,hold_ratio,5,-0.005555555555555552,-0.016666666666666673,0.005555555555555564,0.75,1.0,-0.35082320772281134
glm:glm-5,fake_rejections,none,0.25,hold_ratio,5,-0.01388888888888889,-0.025,-0.002777777777777779,0.25,1.0,-1.0000000000000002
glm:glm-5,fake_rejections,none,0.75,hold_ratio,5,-0.01944444444444444,-0.03888888888888888,-0.002777777777777779,0.25,1.0,-0.8366600265340756
glm:glm-5,fake_violations,max-position,0.25,hold_ratio,5,0.019444444444444448,-0.0027777777777777735,0.05277777777777779,0.5,1.0,0.5181632471383237
glm:glm-5,fake_violations,max-position,0.75,hold_ratio,5,0.027777777777777783,0.008333333333333337,0.050000000000000024,0.125,0.8571428571428571,1.0690449676496974
glm:glm-5,fake_violations,none,0.25,hold_ratio,5,0.011111111111111117,-0.0111111111111111,0.030555555555555565,0.5,1.0,0.4159001959280293
glm:glm-5,fake_violations,none,0.75,hold_ratio,5,-0.0027777777777777735,-0.01666666666666667,0.013888888888888895,1.0,1.0,-0.1348399724926482
poe:claude-opus-4.7,fake_rejections,max-position,0.25,hold_ratio,5,-0.005555555555555555,-0.016666666666666666,0.0,1.0,1.0,-0.4472135954999579
poe:claude-opus-4.7,fake_rejections,max-position,0.75,hold_ratio,5,-0.005555555555555555,-0.016666666666666666,0.0,1.0,1.0,-0.4472135954999579
poe:claude-opus-4.7,fake_rejections,none,0.25,hold_ratio,5,-0.002777777777777779,-0.008333333333333337,0.0,1.0,1.0,-0.4472135954999579
poe:claude-opus-4.7,fake_rejections,none,0.75,hold_ratio,5,-0.005555555555555552,-0.016666666666666656,0.0,1.0,1.0,-0.4472135954999579
poe:claude-opus-4.7,fake_violations,max-position,0.25,hold_ratio,5,-0.005555555555555555,-0.016666666666666666,0.0,1.0,1.0,-0.4472135954999579
poe:claude-opus-4.7,fake_violations,max-position,0.75,hold_ratio,5,-0.005555555555555555,-0.016666666666666666,0.0,1.0,1.0,-0.4472135954999579
poe:claude-opus-4.7,fake_violations,none,0.25,hold_ratio,5,-0.002777777777777779,-0.008333333333333337,0.0,1.0,1.0,-0.4472135954999579
poe:claude-opus-4.7,fake_violations,none,0.75,hold_ratio,5,0.002777777777777779,0.0,0.008333333333333337,1.0,1.0,0.4472135954999579
poe:gemini-3.1-pro,fake_rejections,max-position,0.25,hold_ratio,5,0.008333333333333337,-0.04444444444444449,0.06111111111111116,1.0,1.0,0.12048289933537477
poe:gemini-3.1-pro,fake_rejections,max-position,0.75,hold_ratio,5,-0.005555555555555547,-0.06666666666666667,0.05833333333333337,1.0,1.0,-0.06780635036208091
poe:gemini-3.1-pro,fake_rejections,none,0.25,hold_ratio,5,-0.024999999999999994,-0.08611111111111112,0.044444444444444446,0.5625,1.0,-0.30125786715206015
poe:gemini-3.1-pro,fake_rejections,none,0.75,hold_ratio,5,0.08888888888888888,0.030555555555555548,0.1472222222222222,0.125,0.8571428571428571,1.1823502942994661
poe:gemini-3.1-pro,fake_violations,max-position,0.25,hold_ratio,5,0.04722222222222222,0.005555555555555591,0.08888888888888889,0.1875,1.0,0.8837879163470619
poe:gemini-3.1-pro,fake_violations,max-position,0.75,hold_ratio,5,0.06666666666666664,0.016666666666666618,0.12777777777777777,0.125,0.8571428571428571,0.9289355996594194
poe:gemini-3.1-pro,fake_violations,none,0.25,hold_ratio,5,0.03888888888888888,-0.008333333333333349,0.1,0.4375,1.0,0.5577733510227167
poe:gemini-3.1-pro,fake_violations,none,0.75,hold_ratio,5,0.09444444444444443,0.03611111111111111,0.13611111111111107,0.125,0.8571428571428571,1.4597518885197123
poe:glm-5,fake_rejections,max-position,0.25,hold_ratio,5,-0.016666666666666663,-0.03611111111111112,-0.0027777777777777735,0.25,1.0,-0.7302967433402209
poe:glm-5,fake_rejections,max-position,0.75,hold_ratio,5,0.0,-0.024999999999999994,0.024999999999999994,1.0,1.0,0.0
poe:glm-5,fake_rejections,none,0.25,hold_ratio,5,-0.008333333333333337,-0.01944444444444445,0.005555555555555536,0.5,1.0,-0.5262348115842179
poe:glm-5,fake_rejections,none,0.75,hold_ratio,5,-0.01111111111111111,-0.03333333333333334,0.011111111111111117,0.75,1.0,-0.3508232077228116
poe:glm-5,fake_violations,max-position,0.25,hold_ratio,5,0.011111111111111122,-0.008333333333333321,0.030555555555555565,0.5,1.0,0.44721359549995837
poe:glm-5,fake_violations,max-position,0.75,hold_ratio,5,-0.005555555555555552,-0.01111111111111111,0.0,0.5,1.0,-0.7302967433402214
poe:glm-5,fake_violations,none,0.25,hold_ratio,5,-0.005555555555555552,-0.016666666666666673,0.005555555555555564,0.75,1.0,-0.35082320772281134
poe:glm-5,fake_violations,none,0.75,hold_ratio,5,0.036111111111111115,0.008333333333333337,0.06666666666666668,0.125,0.8571428571428571,0.9623031732568869
poe:gpt-5.5,fake_rejections,max-position,0.25,hold_ratio,5,0.0,0.0,0.0,1.0,1.0,0.0
poe:gpt-5.5,fake_rejections,max-position,0.75,hold_ratio,5,0.0,0.0,0.0,1.0,1.0,0.0
poe:gpt-5.5,fake_rejections,none,0.25,hold_ratio,5,0.0,0.0,0.0,1.0,1.0,0.0
poe:gpt-5.5,fake_rejections,none,0.75,hold_ratio,5,0.0,0.0,0.0,1.0,1.0,0.0
poe:gpt-5.5,fake_violations,max-position,0.25,hold_ratio,5,0.0,0.0,0.0,1.0,1.0,0.0
poe:gpt-5.5,fake_violations,max-position,0.75,hold_ratio,5,0.0,0.0,0.0,1.0,1.0,0.0
poe:gpt-5.5,fake_violations,none,0.25,hold_ratio,5,0.0,0.0,0.0,1.0,1.0,0.0
poe:gpt-5.5,fake_violations,none,0.75,hold_ratio,5,-0.002777777777777779,-0.008333333333333337,0.0,1.0,1.0,-0.4472135954999579
deepseek:deepseek-v4-pro,fake_rejections,max-position,0.25,turnover_events,5,-0.7333333333333332,-2.9333333333333336,0.8666666666666671,0.8125,1.0,-0.28962415135273806
deepseek:deepseek-v4-pro,fake_rejections,max-position,0.75,turnover_events,5,-2.6,-4.666666666666666,-1.1333333333333342,0.0625,0.8571428571428571,-1.0900831390311476
deepseek:deepseek-v4-pro,fake_rejections,none,0.25,turnover_events,5,0.06666666666666679,-0.9333333333333329,1.0666666666666664,1.0,1.0,0.052164053095730224
deepseek:deepseek-v4-pro,fake_rejections,none,0.75,turnover_events,5,0.6666666666666664,-1.0666666666666669,2.8666666666666663,0.75,1.0,0.2519763153394847
deepseek:deepseek-v4-pro,fake_violations,max-position,0.25,turnover_events,5,-0.7333333333333332,-1.7333333333333338,0.0,0.25,1.0,-0.6431758808251544
deepseek:deepseek-v4-pro,fake_violations,max-position,0.75,turnover_events,5,-1.733333333333333,-4.533333333333333,0.06666666666666714,0.3125,1.0,-0.5400866924697881
deepseek:deepseek-v4-pro,fake_violations,none,0.25,turnover_events,5,1.1333333333333333,-0.46666666666666645,2.8666666666666667,0.4375,1.0,0.5355825195389895
deepseek:deepseek-v4-pro,fake_violations,none,0.75,turnover_events,5,-0.6000000000000002,-3.0666666666666673,2.1999999999999993,0.5625,1.0,-0.18595279464327957
glm:glm-5,fake_rejections,max-position,0.25,turnover_events,5,-0.06666666666666643,-0.1999999999999993,0.0,1.0,1.0,-0.4472135954999579
glm:glm-5,fake_rejections,max-position,0.75,turnover_events,5,0.13333333333333358,0.0,0.4000000000000007,1.0,1.0,0.4472135954999579
glm:glm-5,fake_rejections,none,0.25,turnover_events,5,-0.19999999999999965,-2.333333333333333,1.5999999999999996,0.875,1.0,-0.0825722823844769
glm:glm-5,fake_rejections,none,0.75,turnover_events,5,-0.13333333333333358,-2.4,1.8666666666666665,1.0,1.0,-0.04624972900628812
glm:glm-5,fake_violations,max-position,0.25,turnover_events,5,-0.4000000000000007,-0.933333333333335,0.0,0.5,1.0,-0.6708203932499368
glm:glm-5,fake_violations,max-position,0.75,turnover_events,5,-0.4,-0.8666666666666678,-0.06666666666666643,0.25,1.0,-0.7302967433402201
glm:glm-5,fake_violations,none,0.25,turnover_events,5,7.105427357601002e-16,-0.6666666666666657,0.4666666666666675,1.0,1.0,9.089293215919717e-16
glm:glm-5,fake_violations,none,0.75,turnover_events,5,0.2,-1.1333333333333335,1.5333333333333337,0.8125,1.0,0.1148338503526429
poe:claude-opus-4.7,fake_rejections,max-position,0.25,turnover_events,5,0.06666666666666714,0.0,0.20000000000000143,1.0,1.0,0.4472135954999579
poe:claude-opus-4.7,fake_rejections,max-position,0.75,turnover_events,5,0.0,0.0,0.0,1.0,1.0,0.0
poe:claude-opus-4.7,fake_rejections,none,0.25,turnover_events,5,0.5333333333333332,-0.26666666666666605,1.4666666666666661,0.5,1.0,0.47597129384698383
poe:claude-opus-4.7,fake_rejections,none,0.75,turnover_events,5,0.9999999999999998,0.26666666666666644,1.7333333333333332,0.125,0.8571428571428571,1.060660171779821
poe:claude-opus-4.7,fake_violations,max-position,0.25,turnover_events,5,0.06666666666666714,0.0,0.20000000000000143,1.0,1.0,0.4472135954999579
poe:claude-opus-4.7,fake_violations,max-position,0.75,turnover_events,5,0.0,0.0,0.0,1.0,1.0,0.0
poe:claude-opus-4.7,fake_violations,none,0.25,turnover_events,5,1.0666666666666667,0.26666666666666644,2.0666666666666673,0.125,0.8571428571428571,0.8979416532261019
poe:claude-opus-4.7,fake_violations,none,0.75,turnover_events,5,1.0666666666666667,0.26666666666666644,2.2666666666666666,0.125,0.8571428571428571,0.8076071442001097
poe:gemini-3.1-pro,fake_rejections,max-position,0.25,turnover_events,5,-0.6666666666666657,-1.5999999999999985,1.4210854715202005e-15,0.25,1.0,-0.6666666666666657
poe:gemini-3.1-pro,fake_rejections,max-position,0.75,turnover_events,5,-0.4,-1.066666666666667,0.13333333333333428,0.5,1.0,-0.5262348115842168
poe:gemini-3.1-pro,fake_rejections,none,0.25,turnover_events,5,-1.6666666666666665,-2.0666666666666655,-1.2666666666666664,0.0625,0.8571428571428571,-3.1622776601683835
poe:gemini-3.1-pro,fake_rejections,none,0.75,turnover_events,5,-2.466666666666667,-3.5333333333333328,-1.3333333333333346,0.0625,0.8571428571428571,-1.6844303783421473
poe:gemini-3.1-pro,fake_violations,max-position,0.25,turnover_events,5,-0.5333333333333335,-0.6666666666666679,-0.3999999999999993,0.0625,0.8571428571428571,-2.921186973360866
poe:gemini-3.1-pro,fake_violations,max-position,0.75,turnover_events,5,-0.8666666666666668,-2.666666666666667,0.26666666666666716,0.625,1.0,-0.4376087481193616
poe:gemini-3.1-pro,fake_violations,none,0.25,turnover_events,5,-0.7999999999999996,-1.533333333333332,-0.06666666666666714,0.25,1.0,-0.8330521614007484
poe:gemini-3.1-pro,fake_violations,none,0.75,turnover_events,5,-1.7333333333333332,-3.666666666666667,0.20000000000000034,0.25,1.0,-0.6674350322245058
poe:glm-5,fake_rejections,max-position,0.25,turnover_events,5,0.2,-0.13333333333333286,0.6,0.75,1.0,0.39562828403747247
poe:glm-5,fake_rejections,max-position,0.75,turnover_events,5,-7.105427357601002e-16,-0.4,0.3999999999999986,1.0,1.0,-1.348160051933455e-15
poe:glm-5,fake_rejections,none,0.25,turnover_events,5,-0.6666666666666664,-1.4666666666666663,0.06666666666666679,0.375,1.0,-0.6859943405700352
poe:glm-5,fake_rejections,none,0.75,turnover_events,5,-2.0,-3.733333333333333,-0.5333333333333329,0.0625,0.8571428571428571,-0.9669875568304562
poe:glm-5,fake_violations,max-position,0.25,turnover_events,5,-0.13333333333333286,-0.7333333333333328,0.4666666666666671,0.875,1.0,-0.15936381457791876
poe:glm-5,fake_violations,max-position,0.75,turnover_events,5,0.26666666666666644,0.0,0.6666666666666664,0.5,1.0,0.6135719910778958
poe:glm-5,fake_violations,none,0.25,turnover_events,5,-0.06666666666666714,-1.2000000000000006,1.2666666666666664,1.0,1.0,-0.04108240150088833
poe:glm-5,fake_violations,none,0.75,turnover_events,5,-0.7333333333333332,-1.4,-0.26666666666666605,0.125,0.8571428571428571,-0.9647638212377317
poe:gpt-5.5,fake_rejections,max-position,0.25,turnover_events,5,0.0,0.0,0.0,1.0,1.0,0.0
poe:gpt-5.5,fake_rejections,max-position,0.75,turnover_events,5,0.0,0.0,0.0,1.0,1.0,0.0
poe:gpt-5.5,fake_rejections,none,0.25,turnover_events,5,-0.26666666666666644,-0.7333333333333325,0.13333333333333358,0.5,1.0,-0.4868644955601475
poe:gpt-5.5,fake_rejections,none,0.75,turnover_events,5,-1.2666666666666662,-4.0,0.20000000000000143,1.0,1.0,-0.41912897747196015
poe:gpt-5.5,fake_violations,max-position,0.25,turnover_events,5,0.06666666666666643,0.0,0.1999999999999993,1.0,1.0,0.4472135954999579
poe:gpt-5.5,fake_violations,max-position,0.75,turnover_events,5,0.2,0.0,0.4666666666666671,0.5,1.0,0.6708203932499361
poe:gpt-5.5,fake_violations,none,0.25,turnover_events,5,-1.2666666666666664,-2.8666666666666667,0.06666666666666714,0.375,1.0,-0.6858267319002116
poe:gpt-5.5,fake_violations,none,0.75,turnover_events,5,-1.4666666666666663,-4.133333333333333,0.26666666666666716,0.4375,1.0,-0.48798604621834524
deepseek:deepseek-v4-pro,fake_rejections,max-position,0.25,total_return,5,-0.009907492542345627,-0.019162901600070937,-0.00361884122952853,0.0625,0.8571428571428571,-0.9554751203637654
deepseek:deepseek-v4-pro,fake_rejections,max-position,0.75,total_return,5,-0.014050426163406255,-0.027888984733702448,-0.0027764170621606228,0.125,0.8571428571428571,-0.8601331909462447
deepseek:deepseek-v4-pro,fake_rejections,none,0.25,total_return,5,0.006140140984930063,-0.0018944252512678422,0.013454098441557472,0.25,1.0,0.6216768793683038
deepseek:deepseek-v4-pro,fake_rejections,none,0.75,total_return,5,-0.0011712862126088616,-0.006132529400296219,0.004850692801394582,0.75,1.0,-0.15816521849413034
deepseek:deepseek-v4-pro,fake_violations,max-position,0.25,total_return,5,-0.004985464006926957,-0.009054867802695224,-0.0012425958927877012,0.125,0.8571428571428571,-1.0422376772075623
deepseek:deepseek-v4-pro,fake_violations,max-position,0.75,total_return,5,-0.015111445213142404,-0.028533072477764498,-0.002073114967884447,0.125,0.8571428571428571,-0.8645037875641228
deepseek:deepseek-v4-pro,fake_violations,none,0.25,total_return,5,-0.0018633976592879505,-0.009746475521940492,0.00732887361713352,0.75,1.0,-0.16869685045879707
deepseek:deepseek-v4-pro,fake_violations,none,0.75,total_return,5,-0.027256310337223068,-0.04844932031776576,-0.006063300356680376,0.1875,1.0,-1.0151031854474957
glm:glm-5,fake_rejections,max-position,0.25,total_return,5,0.0010694766644181008,0.0,0.002914176147283898,0.5,1.0,0.5332326966564814
glm:glm-5,fake_rejections,max-position,0.75,total_return,5,0.0017783102541780367,0.0,0.003862283862745389,0.5,1.0,0.7129546214681884
glm:glm-5,fake_rejections,none,0.25,total_return,5,0.0012632864125022292,-0.005048052193887487,0.007152616815476178,0.875,1.0,0.15711740806813995
glm:glm-5,fake_rejections,none,0.75,total_return,5,-0.002720179765561934,-0.015042398077721442,0.006570498895815924,0.875,1.0,-0.1959165008751869
glm:glm-5,fake_violations,max-position,0.25,total_return,5,-0.002875936443003975,-0.008396235967659453,0.0011849546143804484,0.5,1.0,-0.46425942747651094
glm:glm-5,fake_violations,max-position,0.75,total_return,5,-0.0016110884214760215,-0.008232612168104728,0.005134997600364319,0.75,1.0,-0.1861598085483117
glm:glm-5,fake_violations,none,0.25,total_return,5,-0.006132504290074471,-0.011110646348684753,-0.001011934962177985,0.25,1.0,-0.9286080123747992
glm:glm-5,fake_violations,none,0.75,total_return,5,-0.0025904656551200694,-0.0073377561786772795,0.0022084594489665764,0.375,1.0,-0.4122127894061608
poe:claude-opus-4.7,fake_rejections,max-position,0.25,total_return,5,0.0018781886940851423,-2.0248918088050517e-06,0.005078013124537056,0.5,1.0,0.5404714272937814
poe:claude-opus-4.7,fake_rejections,max-position,0.75,total_return,5,0.0015696420027450282,-0.0008139447676364375,0.005524895667680193,1.0,1.0,0.3640922090916876
poe:claude-opus-4.7,fake_rejections,none,0.25,total_return,5,0.0011563438775563039,4.51019132975905e-05,0.002291544399983245,0.1875,1.0,0.7932989015970636
poe:claude-opus-4.7,fake_rejections,none,0.75,total_return,5,0.0017860418111267263,0.0003544578177735347,0.0037290958648512145,0.0625,0.8571428571428571,0.8242796160223659
poe:claude-opus-4.7,fake_violations,max-position,0.25,total_return,5,0.0015347413218892048,-0.0008139447676364375,0.005420193625112857,1.0,1.0,0.3624964820935065
poe:claude-opus-4.7,fake_violations,max-position,0.75,total_return,5,0.0017768951624277524,-0.0005439797729634932,0.0053167623746557535,0.5,1.0,0.4364823318420008
poe:claude-opus-4.7,fake_violations,none,0.25,total_return,5,-0.0012294474357504193,-0.006977082089264894,0.002815460396922703,1.0,1.0,-0.19737262442010642
poe:claude-opus-4.7,fake_violations,none,0.75,total_return,5,0.00048195205406326993,-0.0032483782292371394,0.00459734973181074,0.9375,1.0,0.098539077564345
poe:gemini-3.1-pro,fake_rejections,max-position,0.25,total_return,5,-0.001911797573698104,-0.007624055344227246,0.0031625655562694337,0.625,1.0,-0.27925030585544575
poe:gemini-3.1-pro,fake_rejections,max-position,0.75,total_return,5,0.0014987212571176745,-0.004490917297546498,0.007459476060170511,0.6875,1.0,0.1912685047968644
poe:gemini-3.1-pro,fake_rejections,none,0.25,total_return,5,-0.0034179131325814014,-0.008015795351739833,0.0003072788712783353,0.1875,1.0,-0.6483693673809291
poe:gemini-3.1-pro,fake_rejections,none,0.75,total_return,5,-0.0213451284026136,-0.035229682613129545,-0.008878722632007289,0.125,0.8571428571428571,-1.235662461372268
poe:gemini-3.1-pro,fake_violations,max-position,0.25,total_return,5,-0.003331425180853727,-0.007302232163455487,-0.0002690950954161109,0.1875,1.0,-0.7376386534675116
poe:gemini-3.1-pro,fake_violations,max-position,0.75,total_return,5,-0.0016099829645316228,-0.0065662600910444315,0.0035534078399941356,0.625,1.0,-0.2394733447263886
poe:gemini-3.1-pro,fake_violations,none,0.25,total_return,5,0.00041642278936412924,-0.002907733892370745,0.0039183328711601215,0.75,1.0,0.09963320651308163
poe:gemini-3.1-pro,fake_violations,none,0.75,total_return,5,-0.02665237781181472,-0.0415062849779114,-0.016390206050007877,0.0625,0.8571428571428571,-1.5888220241405584
poe:glm-5,fake_rejections,max-position,0.25,total_return,5,0.0026853098608277544,-0.0004816800095726631,0.006511997742359134,0.375,1.0,0.6113856902411916
poe:glm-5,fake_rejections,max-position,0.75,total_return,5,0.0023198043834856616,-0.0005779810570492733,0.0056803789299734245,0.375,1.0,0.5885435858462648
poe:glm-5,fake_rejections,none,0.25,total_return,5,0.0035506696596724245,-0.001151063385480755,0.00835201546111528,0.4375,1.0,0.569494206712625
poe:glm-5,fake_rejections,none,0.75,total_return,5,0.008615635101353557,-0.0014841505691970485,0.018715420771904166,0.25,1.0,0.6703094866111783
poe:glm-5,fake_violations,max-position,0.25,total_return,5,0.001763008970409098,-0.0023345278912541316,0.006730038581590757,0.6875,1.0,0.307383698656271
poe:glm-5,fake_violations,max-position,0.75,total_return,5,0.0017575214895317285,0.0005911191231260549,0.00331419840508992,0.125,0.8571428571428571,0.9849383244624933
poe:glm-5,fake_violations,none,0.25,total_return,5,0.0015703684839999178,-0.0022172602746151375,0.005282265345170928,0.4375,1.0,0.31386878033446375
poe:glm-5,fake_violations,none,0.75,total_return,5,0.0025984006387949786,-0.0046198733914868725,0.013446110052733013,0.875,1.0,0.21795373393790785
poe:gpt-5.5,fake_rejections,max-position,0.25,total_return,5,-2.570353201974962e-07,-7.711059605924886e-07,0.0,1.0,1.0,-0.4472135954999579
poe:gpt-5.5,fake_rejections,max-position,0.75,total_return,5,-0.0008113219909229475,-0.0014038429172010924,-0.00021880106464480242,0.25,1.0,-1.070851757955347
poe:gpt-5.5,fake_rejections,none,0.25,total_return,5,0.0002800955102884764,-0.00045428332208788115,0.0011670456375452178,0.5625,1.0,0.2817759078413739
poe:gpt-5.5,fake_rejections,none,0.75,total_return,5,-0.0030358641953214553,-0.012843572017028886,0.004310729987083176,0.5625,1.0,-0.284629456757489
poe:gpt-5.5,fake_violations,max-position,0.25,total_return,5,0.0001174244127416596,0.0,0.00035227323822495106,1.0,1.0,0.44721359550002404
poe:gpt-5.5,fake_violations,max-position,0.75,total_return,5,-0.0005909053826421651,-0.0018793134177168102,0.00027273981725507436,0.5,1.0,-0.4280896297866258
poe:gpt-5.5,fake_violations,none,0.25,total_return,5,-0.0013969175186652916,-0.005004397384347534,0.0015921940319774703,0.75,1.0,-0.31246781358593323
poe:gpt-5.5,fake_violations,none,0.75,total_return,5,-0.002034463287288757,-0.006856889801823815,0.0016296888284535378,0.5625,1.0,-0.3861334161640662
deepseek:deepseek-v4-pro,fake_rejections,max-position,0.25,max_drawdown,5,-0.00019765138742770336,-0.0004651851595731967,6.763924435725013e-05,0.5,1.0,-0.5599395088795076
deepseek:deepseek-v4-pro,fake_rejections,max-position,0.75,max_drawdown,5,-0.0001322905842288114,-0.00041938473897766836,0.00016236378838712824,0.5,1.0,-0.34517537433217316
deepseek:deepseek-v4-pro,fake_rejections,none,0.25,max_drawdown,5,0.0001268686744544167,-0.00023056894993376268,0.00052141366116647,0.75,1.0,0.26229168479816806
deepseek:deepseek-v4-pro,fake_rejections,none,0.75,max_drawdown,5,1.6326812430319128e-05,-0.00023123230660773152,0.0002802127438986889,1.0,1.0,0.05402651875865211
deepseek:deepseek-v4-pro,fake_violations,max-position,0.25,max_drawdown,5,-0.00013290977228637885,-0.0003281261682870869,0.0,0.5,1.0,-0.6247853367037164
deepseek:deepseek-v4-pro,fake_violations,max-position,0.75,max_drawdown,5,-1.2414958199672863e-05,-0.0004678674151731216,0.0004883829678408466,1.0,1.0,-0.020574744968572388
deepseek:deepseek-v4-pro,fake_violations,none,0.25,max_drawdown,5,3.3923581375631475e-05,-0.0003742125672023441,0.0004069747201460583,1.0,1.0,0.06967888767083101
deepseek:deepseek-v4-pro,fake_violations,none,0.75,max_drawdown,5,-6.363530555996517e-05,-0.00026191307134795235,7.100715466805685e-05,1.0,1.0,-0.29645183360311994
glm:glm-5,fake_rejections,max-position,0.25,max_drawdown,5,-3.0561969227231155e-05,-9.168590768169347e-05,0.0,1.0,1.0,-0.447213595499958
glm:glm-5,fake_rejections,max-position,0.75,max_drawdown,5,0.0,0.0,0.0,1.0,1.0,0.0
glm:glm-5,fake_rejections,none,0.25,max_drawdown,5,2.7799140554662926e-05,0.0,8.339742166398877e-05,1.0,1.0,0.4472135954999579
glm:glm-5,fake_rejections,none,0.75,max_drawdown,5,-1.0196114352119777e-05,-3.0588343056359334e-05,0.0,1.0,1.0,-0.4472135954999579
glm:glm-5,fake_violations,max-position,0.25,max_drawdown,5,-5.736196300466885e-05,-0.0003554577043773932,0.00018337181536338666,1.0,1.0,-0.17537617982749745
glm:glm-5,fake_violations,max-position,0.75,max_drawdown,5,6.112393845446223e-05,0.0,0.00018337181536338666,1.0,1.0,0.4472135954999579
glm:glm-5,fake_violations,none,0.25,max_drawdown,5,3.244354667368832e-05,0.0,9.733064002106495e-05,1.0,1.0,0.44721359549995787
glm:glm-5,fake_violations,none,0.75,max_drawdown,5,-5.852293592173065e-05,-0.00017556880776519197,0.0,1.0,1.0,-0.4472135954999579
poe:claude-opus-4.7,fake_rejections,max-position,0.25,max_drawdown,5,1.5003303955585245e-05,0.0,4.500991186675574e-05,1.0,1.0,0.44721359549995787
poe:claude-opus-4.7,fake_rejections,max-position,0.75,max_drawdown,5,2.297150846846856e-05,0.0,5.1055881797952994e-05,0.5,1.0,0.7018952168848132
poe:claude-opus-4.7,fake_rejections,none,0.25,max_drawdown,5,8.79190555647039e-05,0.0,0.0002637571666941117,1.0,1.0,0.4472135954999579
poe:claude-opus-4.7,fake_rejections,none,0.75,max_drawdown,5,5.227065316795905e-05,0.0,0.00015681195950387715,1.0,1.0,0.447213595499958
poe:claude-opus-4.7,fake_violations,max-position,0.25,max_drawdown,5,2.393262575931159e-05,0.0,5.393923367048208e-05,0.5,1.0,0.6939948979450378
poe:claude-opus-4.7,fake_violations,max-position,0.75,max_drawdown,5,2.3932625759318962e-05,0.0,5.393923367048945e-05,0.5,1.0,0.6939948979451401
poe:claude-opus-4.7,fake_violations,none,0.25,max_drawdown,5,4.766871160484972e-05,0.0,0.00014300613481454914,1.0,1.0,0.4472135954999579
poe:claude-opus-4.7,fake_violations,none,0.75,max_drawdown,5,0.00029356972558289095,0.0,0.0006682907310201489,0.5,1.0,0.6878107542078873
poe:gemini-3.1-pro,fake_rejections,max-position,0.25,max_drawdown,5,-0.0007470620187058685,-0.002817080820290959,0.0006323230859828519,0.75,1.0,-0.32802526137487215
poe:gemini-3.1-pro,fake_rejections,max-position,0.75,max_drawdown,5,0.0003611758597592552,-3.3025729844116115e-05,0.0010749257235833792,0.5,1.0,0.46491473186138516
poe:gemini-3.1-pro,fake_rejections,none,0.25,max_drawdown,5,0.0007378652185296615,-0.0005653405440792624,0.0024521959602920767,0.5,1.0,0.3887974340080491
poe:gemini-3.1-pro,fake_rejections,none,0.75,max_drawdown,5,0.0008560028529681407,-7.944300059345242e-05,0.0021854196323400615,0.375,1.0,0.5853927708184302
poe:gemini-3.1-pro,fake_violations,max-position,0.25,max_drawdown,5,0.0005383058116489314,-4.602069205862005e-05,0.0012651911973097824,0.5,1.0,0.6484133493607668
poe:gemini-3.1-pro,fake_violations,max-position,0.75,max_drawdown,5,-5.163196636383347e-05,-0.000986718091710248,0.00098114910383779,1.0,1.0,-0.04241608666912643
poe:gemini-3.1-pro,fake_violations,none,0.25,max_drawdown,5,0.00030521845182630944,-0.0001399763662883153,0.0009146289632421107,0.5,1.0,0.4210349701252803
poe:gemini-3.1-pro,fake_violations,none,0.75,max_drawdown,5,0.00033437007029719635,-0.0017247475251956912,0.001988816997735121,0.75,1.0,0.14295772280184257
poe:glm-5,fake_rejections,max-position,0.25,max_drawdown,5,-6.11238363765902e-05,-0.0001833715091297706,0.0,1.0,1.0,-0.4472135954999579
poe:glm-5,fake_rejections,max-position,0.75,max_drawdown,5,-0.00014016964508147084,-0.000377141447999733,0.0,0.5,1.0,-0.5451042818462171
poe:glm-5,fake_rejections,none,0.25,max_drawdown,5,-4.959883621014818e-05,-0.00018668659984275599,3.789009121231146e-05,1.0,1.0,-0.33345212581095224
poe:glm-5,fake_rejections,none,0.75,max_drawdown,5,4.588404695804456e-05,-0.0001598638775465623,0.00027225595761248833,0.75,1.0,0.1728063468625632
poe:glm-5,fake_violations,max-position,0.25,max_drawdown,5,-0.00029809563929485974,-0.000772039245131384,0.0,0.5,1.0,-0.5809967705403288
poe:glm-5,fake_violations,max-position,0.75,max_drawdown,5,-5.219451457284903e-05,-0.0001565835437185471,0.0,1.0,1.0,-0.4472135954999579
poe:glm-5,fake_violations,none,0.25,max_drawdown,5,3.577712609736938e-05,0.0,8.20713174839005e-05,0.5,1.0,0.6827823600200881
poe:glm-5,fake_violations,none,0.75,max_drawdown,5,4.478258581293781e-05,-0.0002522259272768131,0.0003863715138920034,0.75,1.0,0.11745246306556034
poe:gpt-5.5,fake_rejections,max-position,0.25,max_drawdown,5,0.0,0.0,0.0,1.0,1.0,0.0
poe:gpt-5.5,fake_rejections,max-position,0.75,max_drawdown,5,8.863146673225055e-06,0.0,2.6589440019675162e-05,1.0,1.0,0.4472135954999579
poe:gpt-5.5,fake_rejections,none,0.25,max_drawdown,5,-1.911425266773268e-05,-5.734275800319804e-05,0.0,1.0,1.0,-0.4472135954999579
poe:gpt-5.5,fake_rejections,none,0.75,max_drawdown,5,-1.9030653519284436e-05,-5.709196055785331e-05,0.0,1.0,1.0,-0.4472135954999579
poe:gpt-5.5,fake_violations,max-position,0.25,max_drawdown,5,-7.45931094670027e-18,-2.2377932840100812e-17,0.0,1.0,1.0,
poe:gpt-5.5,fake_violations,max-position,0.75,max_drawdown,5,1.6152725744385687e-05,-4.7201094199866844e-06,5.317828665314375e-05,1.0,1.0,0.397270695763379
poe:gpt-5.5,fake_violations,none,0.25,max_drawdown,5,-5.63123107547284e-05,-0.0001689369322641852,0.0,1.0,1.0,-0.447213595499958
poe:gpt-5.5,fake_violations,none,0.75,max_drawdown,5,-5.548908624293993e-05,-0.00016646725872881979,0.0,1.0,1.0,-0.4472135954999579
