scenario,level,agent,agent_type,seed_count,sharpe_mean,sharpe_std,sharpe_ci_low,sharpe_ci_high,return_mean,fill_rate_mean,rank
calm,E0_ideal,buy-and-hold,classical,10,23.38072303137593,3.910335013581166,21.123462917034445,25.611246470610087,0.09323299518700723,1.0,1
calm,E0_ideal,deepseek:deepseek-v4-pro,llm,10,10.063284586575152,5.923047712398131,6.677273851192635,13.632982741476704,0.034271556018325613,1.0,10
calm,E0_ideal,mean-reversion,classical,10,2.2576038953812243,2.6574161610843143,0.8444098658379415,3.896078940918245,0.00226523536088723,0.5,12
calm,E0_ideal,minimum-variance,classical,10,23.32328040812185,3.879896267450385,21.096496589518576,25.55631160747392,0.09315670518975523,1.0,2
calm,E0_ideal,naive-momentum,classical,10,19.889266586964105,2.5558330404808287,18.40374746802147,21.37911954808441,0.07968971254197914,1.0,7
calm,E0_ideal,poe:claude-opus-4.7,llm,10,21.24455304251419,3.0839125597420085,19.441055991088678,23.001855024842726,0.0812927745464159,1.0,6
calm,E0_ideal,poe:gemini-3.1-pro,llm,10,18.731035663040092,5.545478853335606,15.5781456971658,21.982389987771512,0.06081928419663105,1.0,8
calm,E0_ideal,poe:glm-5,llm,10,21.29367806375129,3.326185535524649,19.401277644608708,23.199908637299085,0.07915381584225796,1.0,5
calm,E0_ideal,poe:gpt-5.5,llm,10,21.633049063488098,2.4360810003441684,20.299698197420966,23.134848967100183,0.08262462792837053,1.0,4
calm,E0_ideal,random,classical,10,16.363583340054166,3.017365326756269,14.462444006730857,18.052798959236632,0.06212462652950566,1.0,9
calm,E0_ideal,risk-parity,classical,10,23.113156035199488,3.8031866675530135,20.900763369288548,25.280328201845638,0.08959683354304751,1.0,3
calm,E0_ideal,signal-weighted,classical,10,8.402197864660916,2.1474414575296827,7.120051346320143,9.71192436270386,0.0202811095926414,1.0,11
calm,E1_default_stress,buy-and-hold,classical,10,16.687319256294202,2.3258873276390704,15.351084746861593,18.13006348885495,0.08852658461026035,0.8752225672877847,1
calm,E1_default_stress,deepseek:deepseek-v4-pro,llm,10,10.483777828987321,4.593877042429582,7.52390942906427,13.115096058641182,0.04369450591749169,0.7967690642690644,10
calm,E1_default_stress,mean-reversion,classical,10,2.713712998323601,3.2567412518855936,0.9182779768260737,4.829080332557057,0.004072487266453284,0.37666666666666665,12
calm,E1_default_stress,minimum-variance,classical,10,15.310841006063104,1.8706740108284203,14.259133359616447,16.46279956875761,0.08528417069117578,0.8686100131752305,4
calm,E1_default_stress,naive-momentum,classical,10,15.24807570812483,2.9409877324289506,13.623669478313966,17.03957861994415,0.0732391068572525,0.8612409812409811,5
calm,E1_default_stress,poe:claude-opus-4.7,llm,10,15.392449832542038,3.928353238480199,13.210266990100815,17.77821192092859,0.07539906326060701,0.8741520798042537,3
calm,E1_default_stress,poe:gemini-3.1-pro,llm,10,13.670948493174308,3.4076727130613267,11.694720464603284,15.658881456281213,0.06595852563102182,0.7848531902879728,8
calm,E1_default_stress,poe:glm-5,llm,10,15.24244976177539,3.8829771009413534,13.177852800418018,17.686862741863727,0.07395179127871435,0.8565137398833051,6
calm,E1_default_stress,poe:gpt-5.5,llm,10,15.43523941234129,3.7236735714902887,13.375438215802575,17.695440597653974,0.07584477090057136,0.8563090532655749,2
calm,E1_default_stress,random,classical,10,11.735335330409816,3.0691464753801747,9.98273022724569,13.67177485357556,0.05444462150790115,0.8622623753058536,9
calm,E1_default_stress,risk-parity,classical,10,15.226491251806085,2.4283834417251975,13.868241396028719,16.75440657022698,0.0800048377166482,0.8744565217391305,7
calm,E1_default_stress,signal-weighted,classical,10,6.402046482576935,2.6615196528358585,4.9591382712058545,8.026621321038046,0.010253143844383361,0.7726923076923077,11
calm,E2_harsh_corner,buy-and-hold,classical,10,14.493539868772299,3.3029459472251133,12.594246899312822,16.409048225217028,0.0722697421087396,0.5105072463768117,3
calm,E2_harsh_corner,deepseek:deepseek-v4-pro,llm,10,12.039836114617842,2.883853148430414,10.519925760932594,13.764885878496443,0.057198469514426906,0.4798455070900891,9
calm,E2_harsh_corner,mean-reversion,classical,10,3.7175762152217766,4.187798977996283,1.477684401929034,6.353410023378009,0.010590444848194514,0.2698412698412699,12
calm,E2_harsh_corner,minimum-variance,classical,10,14.954051843043601,3.052002522839366,13.118237426494982,16.60114176341485,0.07405678915838754,0.5065217391304347,1
calm,E2_harsh_corner,naive-momentum,classical,10,13.315579842957813,2.1332078078840016,12.039434562611493,14.47851894802129,0.07763189328802982,0.5111111111111111,4
calm,E2_harsh_corner,poe:claude-opus-4.7,llm,10,12.743249906254775,3.9872107798149616,10.251975534247311,14.943902336838496,0.06654610809121256,0.49453510257858085,5
calm,E2_harsh_corner,poe:gemini-3.1-pro,llm,10,11.41589409260826,3.3664108497755896,9.311988351854549,13.242492610877065,0.058038774203028984,0.44580557124035386,10
calm,E2_harsh_corner,poe:glm-5,llm,10,12.192733578977151,4.4853486055475305,9.434828148152103,14.715705431038382,0.06356510706219501,0.4582053249841646,7
calm,E2_harsh_corner,poe:gpt-5.5,llm,10,12.65866147166954,4.001062586244405,10.20595715190426,14.850598199823471,0.06658927159964612,0.4876086956521739,6
calm,E2_harsh_corner,random,classical,10,12.162891309375357,3.352942579989128,10.232107673103288,14.173629317985235,0.0599078551589612,0.5107550496795348,8
calm,E2_harsh_corner,risk-parity,classical,10,14.655201729100458,3.149190910933514,12.752556896279117,16.401404772313757,0.07203367186389305,0.5041666666666667,2
calm,E2_harsh_corner,signal-weighted,classical,10,7.4364706067976325,2.9130226414685207,5.654826846144092,9.011279492773571,0.016799098882548113,0.33131221719457016,11
calm,E2_latency_3,buy-and-hold,classical,10,14.99240559008724,3.364920397343363,13.050204514628401,16.94746267502513,0.07418307541098561,0.5083333333333333,3
calm,E2_latency_3,deepseek:deepseek-v4-pro,llm,10,12.809958566483616,3.041334501727113,11.069257592483385,14.644740829238907,0.06055195851445907,0.4985699542975085,8
calm,E2_latency_3,mean-reversion,classical,10,3.9483557163899192,4.421306646781657,1.5693052688371192,6.709606899102089,0.011266527900678081,0.2698412698412699,12
calm,E2_latency_3,minimum-variance,classical,10,15.4516877019724,3.0875634817346103,13.592631209530023,17.095067262635247,0.07596595063863296,0.5019927536231884,1
calm,E2_latency_3,naive-momentum,classical,10,13.684949480329518,2.1297211933336238,12.408935432600927,14.850739363492355,0.07998061027399117,0.5246248196248195,4
calm,E2_latency_3,poe:claude-opus-4.7,llm,10,13.256874465813462,3.9336954448569483,10.840433019197654,15.420441738823698,0.06922600535837789,0.4873922454357237,5
calm,E2_latency_3,poe:gemini-3.1-pro,llm,10,12.016301329021804,3.5253269236000624,9.831471056294665,13.9782652468414,0.06082549434336602,0.4393214756258234,10
calm,E2_latency_3,poe:glm-5,llm,10,12.826120950109845,4.2554969316897955,10.215261097044111,15.177531622109095,0.06679840435419863,0.4702277432712215,7
calm,E2_latency_3,poe:gpt-5.5,llm,10,13.177063648490218,3.9301525143077467,10.76081753164302,15.342989167303756,0.06939864515913466,0.4871757952192735,6
calm,E2_latency_3,random,classical,10,12.646427809335927,3.390846654669109,10.692705353352938,14.660504649179808,0.062109600948124365,0.5275271181907337,9
calm,E2_latency_3,risk-parity,classical,10,15.151701061426689,3.1894954424164386,13.221341248404332,16.924438272042398,0.07399097211276211,0.5019927536231884,2
calm,E2_latency_3,signal-weighted,classical,10,7.899604331548581,2.9257360889838457,6.127437636986018,9.484772084884307,0.01770935062231589,0.33131221719457016,11
calm,E2_participation_1pct,buy-and-hold,classical,10,16.687319256294202,2.3258873276390704,15.351084746861593,18.13006348885495,0.08852658461026035,0.8752225672877847,1
calm,E2_participation_1pct,deepseek:deepseek-v4-pro,llm,10,10.483777828987321,4.593877042429582,7.52390942906427,13.115096058641182,0.04369450591749169,0.7967690642690644,10
calm,E2_participation_1pct,mean-reversion,classical,10,2.713712998323601,3.2567412518855936,0.9182779768260737,4.829080332557057,0.004072487266453284,0.37666666666666665,12
calm,E2_participation_1pct,minimum-variance,classical,10,15.310841006063104,1.8706740108284203,14.259133359616447,16.46279956875761,0.08528417069117578,0.8686100131752305,4
calm,E2_participation_1pct,naive-momentum,classical,10,15.24807570812483,2.9409877324289506,13.623669478313966,17.03957861994415,0.0732391068572525,0.8612409812409811,5
calm,E2_participation_1pct,poe:claude-opus-4.7,llm,10,15.392449832542038,3.928353238480199,13.210266990100815,17.77821192092859,0.07539906326060701,0.8741520798042537,3
calm,E2_participation_1pct,poe:gemini-3.1-pro,llm,10,13.670948493174308,3.4076727130613267,11.694720464603284,15.658881456281213,0.06595852563102182,0.7848531902879728,8
calm,E2_participation_1pct,poe:glm-5,llm,10,15.24244976177539,3.8829771009413534,13.177852800418018,17.686862741863727,0.07395179127871435,0.8565137398833051,6
calm,E2_participation_1pct,poe:gpt-5.5,llm,10,15.43523941234129,3.7236735714902887,13.375438215802575,17.695440597653974,0.07584477090057136,0.8563090532655749,2
calm,E2_participation_1pct,random,classical,10,11.735335330409816,3.0691464753801747,9.98273022724569,13.67177485357556,0.05444462150790115,0.8622623753058536,9
calm,E2_participation_1pct,risk-parity,classical,10,15.226491251806085,2.4283834417251975,13.868241396028719,16.75440657022698,0.0800048377166482,0.8744565217391305,7
calm,E2_participation_1pct,signal-weighted,classical,10,6.402046482576935,2.6615196528358585,4.9591382712058545,8.026621321038046,0.010253143844383361,0.7726923076923077,11
calm,E2_spread_20bps,buy-and-hold,classical,10,15.9410516463364,2.2846992278181335,14.634828156789988,17.358801264777775,0.08547715952509889,0.8847567287784679,1
calm,E2_spread_20bps,deepseek:deepseek-v4-pro,llm,10,9.68632475474841,3.2363581272862745,7.809232294696476,11.694075348361867,0.04009863715235447,0.7996122303236316,10
calm,E2_spread_20bps,mean-reversion,classical,10,2.3474761321264634,3.049942043299143,0.5627986858442826,4.297490672084619,0.0035024206484612686,0.37666666666666665,12
calm,E2_spread_20bps,minimum-variance,classical,10,14.604792799002444,1.7693216907029232,13.609965310543526,15.688123035071309,0.08219163813568912,0.8740942028985508,3
calm,E2_spread_20bps,naive-momentum,classical,10,14.487242273539959,2.822701102918663,12.920038112222679,16.202879603477335,0.06999387506430102,0.867745879851143,5
calm,E2_spread_20bps,poe:claude-opus-4.7,llm,10,14.528311649356576,3.766265822168178,12.453017794791247,16.8252256159672,0.07168191948084697,0.8740956145303972,4
calm,E2_spread_20bps,poe:gemini-3.1-pro,llm,10,12.370978074171749,3.119622980831322,10.64097516358667,14.314073702668079,0.0629380800517915,0.8192005458309806,8
calm,E2_spread_20bps,poe:glm-5,llm,10,13.853799969888607,3.7450519977959025,11.77026631741541,16.132961615978132,0.06480983889677058,0.8624597561096417,7
calm,E2_spread_20bps,poe:gpt-5.5,llm,10,14.609459055555897,3.613526939842782,12.613410623927525,16.783653605067897,0.07211032144383203,0.8562525879917183,2
calm,E2_spread_20bps,random,classical,10,10.924426593033,3.070541380281592,9.167730958149807,12.849790663514337,0.05068015117149245,0.8691887822322604,9
calm,E2_spread_20bps,risk-parity,classical,10,14.461566642747167,2.379755711922943,13.143096670905084,15.945258015635764,0.07667905539929618,0.8782608695652174,6
calm,E2_spread_20bps,signal-weighted,classical,10,5.672001964795844,2.4705202129512154,4.268105840492476,7.156793387873823,0.00885131128262564,0.7726923076923077,11
high_vol,E0_ideal,buy-and-hold,classical,10,10.950593866169417,3.3749947312126576,8.99375970624543,12.917067125937539,0.09944041078606314,1.0,2
high_vol,E0_ideal,deepseek:deepseek-v4-pro,llm,10,7.574417107960521,4.781859017427648,4.829337696769603,10.347165284891807,0.046619164040344094,1.0,10
high_vol,E0_ideal,mean-reversion,classical,10,3.720621077474351,5.503488055990646,0.2494855963803484,6.7293820453763775,0.016561190973894337,1.0,12
high_vol,E0_ideal,minimum-variance,classical,10,10.074621522734477,3.571070659633242,8.039512271547412,12.1824307008796,0.08551942615117532,1.0,4
high_vol,E0_ideal,naive-momentum,classical,10,10.901615667832761,4.686818764363878,8.251810081232048,13.783128928637577,0.07792125514973047,1.0,3
high_vol,E0_ideal,poe:claude-opus-4.7,llm,10,9.015759122125683,4.815277277081929,6.0959915494988675,11.87964250787093,0.07102369580408838,1.0,8
high_vol,E0_ideal,poe:gemini-3.1-pro,llm,10,7.707780480401833,5.338581919736558,4.56210226568341,10.753106775452546,0.056748320540454866,1.0,9
high_vol,E0_ideal,poe:glm-5,llm,10,9.2239432424922,4.764465721055478,6.334835122586758,12.022840828897083,0.06902126133664624,1.0,6
high_vol,E0_ideal,poe:gpt-5.5,llm,10,9.023429992117226,4.727121836193073,6.1593355603502316,11.864506248336387,0.0713046148525803,1.0,7
high_vol,E0_ideal,random,classical,10,9.347796831432795,3.934758654757689,7.2635816533816975,11.734435264860487,0.07334494736840833,1.0,5
high_vol,E0_ideal,risk-parity,classical,10,11.071574566908637,4.1256190813634435,8.79647696248388,13.580169127191557,0.09000406145981402,1.0,1
high_vol,E0_ideal,signal-weighted,classical,10,6.12825801875413,5.534545347859295,2.646485901310956,8.98812116235554,0.011885069840953088,1.0,11
high_vol,E1_default_stress,buy-and-hold,classical,10,9.457126199058056,3.4765322961622958,7.455035020974362,11.574030973178683,0.10444202377001273,0.8317028985507247,2
high_vol,E1_default_stress,deepseek:deepseek-v4-pro,llm,10,9.200803800546337,2.8469803182566924,7.547665628913409,10.858433556651034,0.07610119200903456,0.8279205094422485,4
high_vol,E1_default_stress,mean-reversion,classical,10,3.3014633682810546,4.919245747707288,0.2431005476198278,5.904811955612184,0.027917489540152184,0.8148178210678211,12
high_vol,E1_default_stress,minimum-variance,classical,10,8.559488005869916,3.031438715317515,6.714978230355065,10.330470376639067,0.08102443972349953,0.8376207729468599,8
high_vol,E1_default_stress,naive-momentum,classical,10,8.260306302334955,3.0763338304411723,6.421884995649771,10.114656113618981,0.07539961253687841,0.842764196587726,9
high_vol,E1_default_stress,poe:claude-opus-4.7,llm,10,9.218349286429811,2.796610909736378,7.588104849731313,10.837342200978366,0.081770969970645,0.8642600324922979,3
high_vol,E1_default_stress,poe:gemini-3.1-pro,llm,10,8.648813101121755,3.1247380658824215,6.847668763321583,10.595321704292337,0.07334767885988284,0.8043140459845265,7
high_vol,E1_default_stress,poe:glm-5,llm,10,9.591574476367505,3.114525593966015,7.828999904727172,11.455393013897506,0.0788513251825779,0.8454651188538657,1
high_vol,E1_default_stress,poe:gpt-5.5,llm,10,9.061920522058518,2.9691131913559197,7.339810191832522,10.823358182100398,0.07765489385295932,0.8533875063443309,5
high_vol,E1_default_stress,random,classical,10,7.750070297281873,4.2244304850004895,5.064736898402521,10.033100752747796,0.07960267665771993,0.8004611330698287,10
high_vol,E1_default_stress,risk-parity,classical,10,8.692964055857043,3.6636770471175653,6.57492761795041,10.899723234157841,0.08721094141119834,0.8536231884057971,6
high_vol,E1_default_stress,signal-weighted,classical,10,4.849032766195824,5.196522658739272,1.3725741342478852,7.159980348418347,0.012389027065979875,0.7796153846153847,11
high_vol,E2_harsh_corner,buy-and-hold,classical,10,9.204788202594347,4.179427227359913,6.975072157332086,11.763128997639638,0.09238140074643282,0.4875,4
high_vol,E2_harsh_corner,deepseek:deepseek-v4-pro,llm,10,7.671697834484874,4.463906502500646,5.151948733053998,10.301190627831462,0.08445254228015109,0.553703007518797,9
high_vol,E2_harsh_corner,mean-reversion,classical,10,5.101777952891302,5.337498932226598,1.9612116655374372,8.106696187802225,0.04268482438028063,0.4481188745894628,11
high_vol,E2_harsh_corner,minimum-variance,classical,10,10.127844162653492,3.284099854954191,8.375045912594725,12.081038964172777,0.09858250330452731,0.4667193675889328,1
high_vol,E2_harsh_corner,naive-momentum,classical,10,7.087751775861482,4.049989976093225,4.4925246150838145,9.250333701372552,0.06939887689310988,0.4737518037518037,10
high_vol,E2_harsh_corner,poe:claude-opus-4.7,llm,10,8.009779406672275,3.926848335208853,5.710581222327264,10.257805338453283,0.09723682168475947,0.5362700435211877,8
high_vol,E2_harsh_corner,poe:gemini-3.1-pro,llm,10,8.389746124839492,4.237501807079083,5.864716357833116,10.829198293106,0.09327619236971751,0.5121243325705568,5
high_vol,E2_harsh_corner,poe:glm-5,llm,10,8.130373680384247,4.25863550439799,5.670313559701101,10.647359845072396,0.09162206059501801,0.5281282249742002,7
high_vol,E2_harsh_corner,poe:gpt-5.5,llm,10,8.198143529698898,4.249449769568789,5.7355011857128435,10.716072065505552,0.0936396993102899,0.5381249772983183,6
high_vol,E2_harsh_corner,random,classical,10,9.494486478223392,3.1714543611032497,7.629333409158444,11.310281347676966,0.09042703721155118,0.47693527296502125,3
high_vol,E2_harsh_corner,risk-parity,classical,10,9.990796760355003,3.4154282655084294,8.138559596993781,12.025525742127005,0.10099757120207058,0.4625,2
high_vol,E2_harsh_corner,signal-weighted,classical,10,0.46543164386652514,5.475336044835824,-2.7919914575648717,3.665423584497816,0.01120475505049201,0.3706877109818286,12
high_vol,E2_latency_3,buy-and-hold,classical,10,9.414543654935846,4.17513115377549,7.170481846833733,11.983886139886161,0.09430979441619217,0.47681159420289854,4
high_vol,E2_latency_3,deepseek:deepseek-v4-pro,llm,10,8.326246744773403,4.4002735908658455,5.742459270261666,10.866925213974909,0.09159633860604928,0.5394729123533472,6
high_vol,E2_latency_3,mean-reversion,classical,10,5.330243446585904,5.342293676165999,2.185299410497261,8.359651122581319,0.04446997115572998,0.4334724099429982,11
high_vol,E2_latency_3,minimum-variance,classical,10,10.345795377135417,3.3072159115014124,8.574967116712225,12.318134509462284,0.10064524221883123,0.4708860342555995,1
high_vol,E2_latency_3,naive-momentum,classical,10,7.279952728253733,4.067088204397105,4.670084885387208,9.434389825282134,0.07124892518841058,0.45930735930735933,10
high_vol,E2_latency_3,poe:claude-opus-4.7,llm,10,8.234828085408827,3.8948607384007032,5.950674010233944,10.47376338585598,0.0998735077164699,0.5157224041755943,8
high_vol,E2_latency_3,poe:gemini-3.1-pro,llm,10,8.013275048733181,4.346026392823373,5.572315951763863,10.646272349241592,0.09009593569598151,0.49373547505126447,9
high_vol,E2_latency_3,poe:glm-5,llm,10,8.245233186445448,4.200152585593269,5.833185480416922,10.755756367381416,0.09318905952908615,0.5098306694912901,7
high_vol,E2_latency_3,poe:gpt-5.5,llm,10,8.422737699084122,4.2098688230825765,5.9922974404750695,10.931617838968439,0.09620147575430929,0.5175773379527249,5
high_vol,E2_latency_3,random,classical,10,9.715615646048475,3.172353150901293,7.853256507608714,11.532054192233652,0.09280417172195624,0.46762791365766193,3
high_vol,E2_latency_3,risk-parity,classical,10,10.199787272425336,3.425135822853476,8.346719874145496,12.230339203890884,0.10304268195781555,0.4666666666666667,2
high_vol,E2_latency_3,signal-weighted,classical,10,0.8800112231983727,5.356578305461897,-2.2954891780707434,3.9673217417458475,0.011941845002515272,0.3706877109818286,12
high_vol,E2_participation_1pct,buy-and-hold,classical,10,9.457126199058056,3.4765322961622958,7.455035020974362,11.574030973178683,0.10444202377001273,0.8317028985507247,2
high_vol,E2_participation_1pct,deepseek:deepseek-v4-pro,llm,10,9.200803800546337,2.8469803182566924,7.547665628913409,10.858433556651034,0.07610119200903456,0.8279205094422485,4
high_vol,E2_participation_1pct,mean-reversion,classical,10,3.3014633682810546,4.919245747707288,0.2431005476198278,5.904811955612184,0.027917489540152184,0.8148178210678211,12
high_vol,E2_participation_1pct,minimum-variance,classical,10,8.559488005869916,3.031438715317515,6.714978230355065,10.330470376639067,0.08102443972349953,0.8376207729468599,8
high_vol,E2_participation_1pct,naive-momentum,classical,10,8.260306302334955,3.0763338304411723,6.421884995649771,10.114656113618981,0.07539961253687841,0.842764196587726,9
high_vol,E2_participation_1pct,poe:claude-opus-4.7,llm,10,9.218349286429811,2.796610909736378,7.588104849731313,10.837342200978366,0.081770969970645,0.8642600324922979,3
high_vol,E2_participation_1pct,poe:gemini-3.1-pro,llm,10,8.648813101121755,3.1247380658824215,6.847668763321583,10.595321704292337,0.07334767885988284,0.8043140459845265,7
high_vol,E2_participation_1pct,poe:glm-5,llm,10,9.591574476367505,3.114525593966015,7.828999904727172,11.455393013897506,0.0788513251825779,0.8454651188538657,1
high_vol,E2_participation_1pct,poe:gpt-5.5,llm,10,9.061920522058518,2.9691131913559197,7.339810191832522,10.823358182100398,0.07765489385295932,0.8533875063443309,5
high_vol,E2_participation_1pct,random,classical,10,7.750070297281873,4.2244304850004895,5.064736898402521,10.033100752747796,0.07960267665771993,0.8004611330698287,10
high_vol,E2_participation_1pct,risk-parity,classical,10,8.692964055857043,3.6636770471175653,6.57492761795041,10.899723234157841,0.08721094141119834,0.8536231884057971,6
high_vol,E2_participation_1pct,signal-weighted,classical,10,4.849032766195824,5.196522658739272,1.3725741342478852,7.159980348418347,0.012389027065979875,0.7796153846153847,11
high_vol,E2_spread_20bps,buy-and-hold,classical,10,9.154273001763551,3.45411686330519,7.142058153917981,11.242533289528058,0.10133540221021065,0.844927536231884,1
high_vol,E2_spread_20bps,deepseek:deepseek-v4-pro,llm,10,7.963273402273382,3.1349750978509956,6.1634375807034925,9.738074476525238,0.059756931417816996,0.8156366576731028,8
high_vol,E2_spread_20bps,mean-reversion,classical,10,3.0098644940160675,4.921631493152079,-0.02165439695430038,5.587425324783237,0.025999297105387276,0.8070526695526695,12
high_vol,E2_spread_20bps,minimum-variance,classical,10,8.176307921198497,2.990618941110585,6.342401602836224,9.901477641892528,0.07755063307860417,0.8419685990338165,6
high_vol,E2_spread_20bps,naive-momentum,classical,10,7.955893129572945,3.049333884379121,6.142124141861716,9.773625342171298,0.07243658143268794,0.8473096511331806,9
high_vol,E2_spread_20bps,poe:claude-opus-4.7,llm,10,8.691482295691147,3.0216692412456987,6.9390326383646865,10.530328032891267,0.076564237771711,0.8672455209460527,3
high_vol,E2_spread_20bps,poe:gemini-3.1-pro,llm,10,7.99077704576842,3.2492531440976906,6.170722144194004,9.943114380620036,0.07306618372558482,0.8252173913043478,7
high_vol,E2_spread_20bps,poe:glm-5,llm,10,8.921343192164802,2.9798398920144664,7.238749762599525,10.705107612315485,0.0735095990264697,0.8367893854025905,2
high_vol,E2_spread_20bps,poe:gpt-5.5,llm,10,8.665582911135449,3.0458622816432723,6.90994720109294,10.421302801601163,0.07439332350638617,0.8613041730109977,4
high_vol,E2_spread_20bps,random,classical,10,7.316979452506513,4.2799305240894965,4.604435326026609,9.653153867740052,0.07555058627909043,0.8087403538490495,10
high_vol,E2_spread_20bps,risk-parity,classical,10,8.327564903127065,3.6598807559396564,6.211289943179567,10.519159325838716,0.08371477622794148,0.8583333333333334,5
high_vol,E2_spread_20bps,signal-weighted,classical,10,4.323453808728235,5.173234459006654,0.8466332957269149,6.584779616162552,0.011229360884471651,0.7796153846153847,11
jump_tail,E0_ideal,buy-and-hold,classical,10,8.492903202109103,8.62236103083167,3.72158918037756,13.979472338103857,0.10359307409366728,1.0,3
jump_tail,E0_ideal,deepseek:deepseek-v4-pro,llm,10,6.010401658975704,5.772202687189377,2.5272834756400924,9.333510718914699,0.042792380524327454,1.0,11
jump_tail,E0_ideal,mean-reversion,classical,10,0.9909188173457979,3.1149371266242416,-0.7603802147789761,2.788397490590702,0.006065855006672593,0.9,12
jump_tail,E0_ideal,minimum-variance,classical,10,8.878689676903234,7.873092314898764,4.6854171170703465,13.774096082707732,0.10599064889805479,1.0,1
jump_tail,E0_ideal,naive-momentum,classical,10,8.042144283306486,5.106369279073031,5.069718465667242,10.896041340427226,0.07926807521921193,1.0,4
jump_tail,E0_ideal,poe:claude-opus-4.7,llm,10,6.67503490366484,6.4825747761569605,2.8051051554471402,10.323053072045601,0.07622214728497188,1.0,9
jump_tail,E0_ideal,poe:gemini-3.1-pro,llm,10,6.958038954611075,5.412872800025264,3.6443926066037307,10.174367328702726,0.07926995956830492,1.0,7
jump_tail,E0_ideal,poe:glm-5,llm,10,6.323035195336435,6.904228993511637,2.1351681924479244,10.154784234962513,0.0705482047406266,1.0,10
jump_tail,E0_ideal,poe:gpt-5.5,llm,10,6.841075080791934,6.407487304273087,2.9472066779394956,10.44428470801591,0.0800843556203337,1.0,8
jump_tail,E0_ideal,random,classical,10,7.545933251061372,5.8447669446578,4.039910591367915,10.900291931706885,0.08394704710651406,1.0,5
jump_tail,E0_ideal,risk-parity,classical,10,8.650485601146883,8.261065326818915,4.179824014947502,13.782166570305165,0.10162609078047131,1.0,2
jump_tail,E0_ideal,signal-weighted,classical,10,7.13210797341672,2.2802588390574776,5.850024366865467,8.525408825395505,0.027930400732406647,1.0,6
jump_tail,E1_default_stress,buy-and-hold,classical,10,6.92047708306921,6.4210302880665715,3.5811924646531255,11.139180542094685,0.08695090764946378,0.85,4
jump_tail,E1_default_stress,deepseek:deepseek-v4-pro,llm,10,6.410673923656664,4.9729290190723505,3.7688517224915614,9.520688506347598,0.06568736090996415,0.8433311425416689,5
jump_tail,E1_default_stress,mean-reversion,classical,10,0.7928304472608045,5.281849174553559,-2.2760305266934315,3.9172038797372446,-0.0031862610690801653,0.7067582417582418,12
jump_tail,E1_default_stress,minimum-variance,classical,10,7.345512860778247,6.99748077382029,3.3161855889085445,11.660507529400968,0.08630496048857661,0.8386904761904763,2
jump_tail,E1_default_stress,naive-momentum,classical,10,7.773446987554547,5.120879444249394,4.848921941810081,10.847416018193394,0.0829133012329871,0.8449884738584428,1
jump_tail,E1_default_stress,poe:claude-opus-4.7,llm,10,6.0090920208527505,5.2832092384164655,3.12695841951613,9.302655798628745,0.07476657393578326,0.8706754519989814,6
jump_tail,E1_default_stress,poe:gemini-3.1-pro,llm,10,4.2787796601773564,4.946382988022903,1.612963968811171,7.414124994435563,0.0574852934141171,0.8100517598343686,11
jump_tail,E1_default_stress,poe:glm-5,llm,10,5.110638072429147,3.593243725688308,2.949725054636072,7.1556903350155805,0.06579132915799642,0.8557791537667698,9
jump_tail,E1_default_stress,poe:gpt-5.5,llm,10,5.881686699334204,5.710278620960318,2.6890293105884373,9.317547752433516,0.0751841207191818,0.8577027796764639,7
jump_tail,E1_default_stress,random,classical,10,5.751328909786703,3.9554002592257587,3.3001874767959536,7.956871586722284,0.061590711929398044,0.7913372859025033,8
jump_tail,E1_default_stress,risk-parity,classical,10,7.134670147795428,6.616514234507655,3.613101730061897,11.340223704819772,0.08019761644540452,0.85,3
jump_tail,E1_default_stress,signal-weighted,classical,10,4.622249913747466,5.320682720728463,1.2162944380249539,7.603623932002323,0.016781804865422457,0.7696153846153846,10
jump_tail,E2_harsh_corner,buy-and-hold,classical,10,4.653832498287516,5.539838548729613,1.4045956388069587,7.864584395270464,0.06088283947278376,0.4958333333333333,3
jump_tail,E2_harsh_corner,deepseek:deepseek-v4-pro,llm,10,3.873645988440144,5.096042578583833,0.9459477740053849,6.950012370475969,0.04330058314779704,0.4738940265101256,8
jump_tail,E2_harsh_corner,mean-reversion,classical,10,2.6047675134849473,6.1260752452409735,-0.8342189903440393,6.220491352902584,0.035154173753068674,0.40835317460317466,11
jump_tail,E2_harsh_corner,minimum-variance,classical,10,4.810216120338685,5.288654239202715,1.8179055351688267,8.033907474443374,0.06986343210116029,0.4783643892339544,2
jump_tail,E2_harsh_corner,naive-momentum,classical,10,5.0668391236850026,3.965301791955264,2.7158731655856494,7.243098678748646,0.060830307087299015,0.4818897768897769,1
jump_tail,E2_harsh_corner,poe:claude-opus-4.7,llm,10,4.469434627233236,5.776213310294366,1.148395819396532,8.112400611299242,0.05213088267685344,0.5011380724538619,5
jump_tail,E2_harsh_corner,poe:gemini-3.1-pro,llm,10,3.816039831514548,5.908778882667836,0.5582087139775942,7.444199137668733,0.04338347425995971,0.4555502392344498,9
jump_tail,E2_harsh_corner,poe:glm-5,llm,10,4.3161326442136225,6.440694242791865,0.7255952269272987,8.236240279697089,0.044600103648029854,0.49192052099946837,6
jump_tail,E2_harsh_corner,poe:gpt-5.5,llm,10,3.9999800127703056,6.243523519254597,0.4730603038882265,7.8094926305112935,0.04577515486003382,0.5118933697881066,7
jump_tail,E2_harsh_corner,random,classical,10,3.6061928959651666,6.4534435627051705,-0.3071311642306953,7.120138591919914,0.05117161441370731,0.48888528138528137,10
jump_tail,E2_harsh_corner,risk-parity,classical,10,4.593361870696344,5.336014276062909,1.6193965210627415,7.817208176174501,0.06629998927664747,0.4728260869565218,4
jump_tail,E2_harsh_corner,signal-weighted,classical,10,0.6277257318302985,5.015669673627249,-2.37457238154498,3.4601199577837662,0.0005514565910619051,0.362553035200094,12
jump_tail,E2_latency_3,buy-and-hold,classical,10,4.82804710543726,5.545418341337756,1.6067964028645743,8.056035019859456,0.06286126472403958,0.5021739130434782,3
jump_tail,E2_latency_3,deepseek:deepseek-v4-pro,llm,10,4.169738793945312,5.682797022330975,0.8873692448508222,7.640771672892411,0.04861487659955258,0.48628921001599024,7
jump_tail,E2_latency_3,mean-reversion,classical,10,2.762871698604008,6.151053168399259,-0.6698595737767945,6.377886475178729,0.036792566110973424,0.4257142857142857,11
jump_tail,E2_latency_3,minimum-variance,classical,10,4.9831762159140185,5.273532037558757,2.0303001769592166,8.21066107170114,0.07202795666852843,0.48233342744212304,2
jump_tail,E2_latency_3,naive-momentum,classical,10,5.251356227071075,3.992394285373746,2.8841511873714087,7.451668552062967,0.06307700200147538,0.48643523143523143,1
jump_tail,E2_latency_3,poe:claude-opus-4.7,llm,10,4.6682121956400024,5.856255279656638,1.3359330497266464,8.337880380209613,0.05456860454917548,0.49496354522670316,5
jump_tail,E2_latency_3,poe:gemini-3.1-pro,llm,10,3.5169711673910498,5.48781389172459,0.48614524959081573,6.925695499809211,0.03519111432018701,0.4408831570905874,10
jump_tail,E2_latency_3,poe:glm-5,llm,10,3.5997427410414793,5.599165720923375,0.42832567554280027,7.061147067392701,0.040922368467439116,0.48586926317576473,9
jump_tail,E2_latency_3,poe:gpt-5.5,llm,10,4.21805673061042,6.303662041448855,0.6782821047118655,8.09250048757011,0.048913068356004605,0.5028708133971291,6
jump_tail,E2_latency_3,random,classical,10,3.8069284211589873,6.394506248843867,-0.11699904845290239,7.303505665642545,0.05330136313047906,0.4772943722943723,8
jump_tail,E2_latency_3,risk-parity,classical,10,4.768348430920038,5.32452159728751,1.7804083783177624,7.98454303764169,0.06846264666786167,0.475,4
jump_tail,E2_latency_3,signal-weighted,classical,10,1.0251391621342802,5.131068500098334,-2.0638455385340655,3.8774774954398175,0.0015423920296510185,0.362553035200094,12
jump_tail,E2_participation_1pct,buy-and-hold,classical,10,6.92047708306921,6.4210302880665715,3.5811924646531255,11.139180542094685,0.08695090764946378,0.85,4
jump_tail,E2_participation_1pct,deepseek:deepseek-v4-pro,llm,10,6.410673923656664,4.9729290190723505,3.7688517224915614,9.520688506347598,0.06568736090996415,0.8433311425416689,5
jump_tail,E2_participation_1pct,mean-reversion,classical,10,0.7928304472608045,5.281849174553559,-2.2760305266934315,3.9172038797372446,-0.0031862610690801653,0.7067582417582418,12
jump_tail,E2_participation_1pct,minimum-variance,classical,10,7.345512860778247,6.99748077382029,3.3161855889085445,11.660507529400968,0.08630496048857661,0.8386904761904763,2
jump_tail,E2_participation_1pct,naive-momentum,classical,10,7.773446987554547,5.120879444249394,4.848921941810081,10.847416018193394,0.0829133012329871,0.8449884738584428,1
jump_tail,E2_participation_1pct,poe:claude-opus-4.7,llm,10,6.0090920208527505,5.2832092384164655,3.12695841951613,9.302655798628745,0.07476657393578326,0.8706754519989814,6
jump_tail,E2_participation_1pct,poe:gemini-3.1-pro,llm,10,4.2787796601773564,4.946382988022903,1.612963968811171,7.414124994435563,0.0574852934141171,0.8100517598343686,11
jump_tail,E2_participation_1pct,poe:glm-5,llm,10,5.110638072429147,3.593243725688308,2.949725054636072,7.1556903350155805,0.06579132915799642,0.8557791537667698,9
jump_tail,E2_participation_1pct,poe:gpt-5.5,llm,10,5.881686699334204,5.710278620960318,2.6890293105884373,9.317547752433516,0.0751841207191818,0.8577027796764639,7
jump_tail,E2_participation_1pct,random,classical,10,5.751328909786703,3.9554002592257587,3.3001874767959536,7.956871586722284,0.061590711929398044,0.7913372859025033,8
jump_tail,E2_participation_1pct,risk-parity,classical,10,7.134670147795428,6.616514234507655,3.613101730061897,11.340223704819772,0.08019761644540452,0.85,3
jump_tail,E2_participation_1pct,signal-weighted,classical,10,4.622249913747466,5.320682720728463,1.2162944380249539,7.603623932002323,0.016781804865422457,0.7696153846153846,10
jump_tail,E2_spread_20bps,buy-and-hold,classical,10,6.672696459834981,6.325602265174651,3.3658478983459275,10.82347580145779,0.08387844111143465,0.8458333333333334,4
jump_tail,E2_spread_20bps,deepseek:deepseek-v4-pro,llm,10,6.183608814861139,4.855567075690141,3.583433292298944,9.18710430262214,0.06316546985988833,0.8480641580641581,6
jump_tail,E2_spread_20bps,mean-reversion,classical,10,0.6056658613775567,5.252836077550143,-2.4386369988535535,3.714583438602439,-0.0049790466290011385,0.7067582417582418,12
jump_tail,E2_spread_20bps,minimum-variance,classical,10,7.033707826603843,6.9104212311545785,3.0292322816085586,11.304771939795861,0.0827483554782314,0.8428571428571429,2
jump_tail,E2_spread_20bps,naive-momentum,classical,10,7.471738971002816,5.079460289296705,4.574955558170368,10.481985965019868,0.0799435753567712,0.8503234020881079,1
jump_tail,E2_spread_20bps,poe:claude-opus-4.7,llm,10,5.701747704597333,5.458275470851267,2.7140949838679775,9.039121813430317,0.07192383812855883,0.8699879042526101,7
jump_tail,E2_spread_20bps,poe:gemini-3.1-pro,llm,10,6.590189717671559,6.131006731354403,3.571428876956431,10.499532844986149,0.07299196829457517,0.8190151515151515,5
jump_tail,E2_spread_20bps,poe:glm-5,llm,10,4.650156787573353,5.750103846461703,1.4556222444306495,8.160830657492031,0.0560525310719206,0.8521717171717171,10
jump_tail,E2_spread_20bps,poe:gpt-5.5,llm,10,5.536679324542773,5.834704407074484,2.2428203944818006,9.02281275638781,0.07166892764261988,0.8607894241532685,8
jump_tail,E2_spread_20bps,random,classical,10,5.364397666786829,3.984972835450707,2.8884450703201314,7.5753334509496,0.05783697962643005,0.7913372859025033,9
jump_tail,E2_spread_20bps,risk-parity,classical,10,6.823314553774862,6.506229313031379,3.331621026828267,10.933036631633238,0.07672690352782756,0.85,3
jump_tail,E2_spread_20bps,signal-weighted,classical,10,4.281693631580291,5.295060482225345,0.8411978762313733,7.252579769492042,0.015317939332891717,0.7696153846153846,11
